years,patents,projects,technologies,learning,halfYears,training,education,groupWork,english,overtime,seniority
0.8,0.2,0.7,0.4,0,0.5,0.4,0.6,0,1.0,0.2,0.539
0.4,0,0.9,0.333,0.5,0.3,0.4,0.4,1.0,1.0,0.25,0.46
0.8,0,0.8,0.667,0,0.5,0.7,0.8,0.75,0.5,0.425,0.61
0.4,0,0.7,0.267,1.0,0.1,0.5,0.8,0.25,0.5,0.1,0.43
0.6,1.0,1.0,1.0,0,0.4,1.0,1.0,0.25,1.0,0.275,0.697
0.8,1.0,0.8,0.6,0.75,0.7,0.9,1.0,0,0.5,0.475,0.753
1.0,0.2,1.0,0.533,0,0.8,0.8,1.0,0.25,0.5,0.175,0.721
0.2,0,0.7,0.267,0.5,0.1,0.8,0.6,1.0,0.5,0.625,0.368
0.8,0.2,1.0,0.8,0.75,0.3,1.0,1.0,1.0,0,0,0.725
1.0,0.6,1.0,0.467,1.0,0.8,1.0,0.8,0.25,0,0,0.811
0,0,0.2,0,0.5,0,0.2,0.2,0.75,0.5,0.8,0.139
0,0,0,0,0.75,0,0.3,0,0.25,0,0.325,0.091
0.6,0.8,1.0,0.133,0.75,0.4,0.9,0.8,0,0.5,0.35,0.605
0.6,0.6,0.8,1.0,0,0.2,1.0,1.0,0.5,0.5,0.2,0.617
0,0,0.9,0.267,0,0,0.7,0.4,0,0.5,0.85,0.223
0.6,0,0.9,0.2,0.5,0.2,0.6,0.4,1.0,0.5,0.075,0.498
0,0,0,0.133,0.75,0,0.2,0,1.0,1.0,0.25,0.159
0.6,0,0.9,0.133,0.25,0.2,0.2,0.4,0.25,0,0.075,0.401
0.6,1.0,1.0,1.0,0.25,0.5,0.9,1.0,1.0,0.5,0.85,0.741
0.2,0,0.4,0.133,0.75,0,0.1,0.2,0.25,1.0,0.275,0.247
0.4,0.4,1.0,0.6,0.75,0.1,1.0,0.8,0.25,0,0.875,0.538
0.6,0.8,0.9,0.933,0.75,0.2,1.0,1.0,1.0,0.5,0.85,0.724
0,0,0.3,0,0.25,0,0.3,0,1.0,0,0.575,0.12
0,0,0.1,0,0.75,0,0,0,0.75,0,0.3,0.105
0.4,0,0.3,0.2,0.75,0.3,0.4,0.4,0.25,0,0.975,0.341
0.2,0,1.0,0.133,0,0.1,0.9,0.6,0.25,0,0.65,0.31
1.0,0.6,1.0,0.333,0.25,0.9,0.8,1.0,0,0,0.1,0.735
1.0,1.0,1.0,0.8,0,0.4,1.0,1.0,0.25,0,0.85,0.782
0.8,0,0.2,0.2,0,0.3,0.8,0.6,0,1.0,0.325,0.448
0.8,0.6,1.0,0.467,0.25,0.5,1.0,1.0,0.75,0,0.25,0.691
0.8,0,0.6,0.667,0,0.3,0.3,0.6,1.0,1.0,0.2,0.556
0,0,0.4,0,0,0,0.5,0.2,1.0,0,0.525,0.133
0,0,0.1,0.267,0.5,0,0.4,0.2,0.5,1.0,0.375,0.169
0.8,0,0.9,0.4,0.75,0.3,0.9,0.6,1.0,0.5,0.175,0.644
0,0,0.2,0.267,0,0,0.5,0.4,1.0,1.0,0.8,0.181
0.2,0,0,0,0.75,0.1,0,0,0,1.0,0.575,0.171
0.4,0,0.7,0.133,0.75,0.3,0.5,0.4,1.0,0,0.65,0.414
0,0,0.6,0,0,0,0.4,0.2,0.5,0.5,0.925,0.15
0.2,0,0.5,0.067,0,0.1,0.5,0.4,0.25,0,0.425,0.207
0.2,0,0.4,0.333,0,0,0.6,0.4,0,0.5,0.75,0.229
0,0,0,0,0.5,0,0,0,0.5,0.5,0.225,0.077
0.6,0.2,0.4,0.333,0,0.5,0.7,0.6,0.75,0,0.85,0.454
0.8,0,1.0,0.8,0.25,0.7,1.0,0.8,1.0,0.5,0.925,0.719
0,0,0.7,0.267,0.25,0,0.5,0.4,0,1.0,0.45,0.218
0.6,0.8,1.0,0.8,0.75,0.2,1.0,0.8,1.0,1.0,0.125,0.719
0,0,0.5,0,0,0,0,0,0.75,0.5,0.6,0.111
0.2,0,0.4,0,1.0,0.1,0,0,0,0.5,0.875,0.227
0.2,0,0.6,0.333,0.25,0.1,0.9,0.6,0.25,0,0.3,0.301
0,0,0.1,0.067,0.25,0,0.2,0.2,0.25,0.5,0.575,0.092
0.4,0.8,0.4,0.4,0.25,0.2,0.5,0.8,0,0.5,0.2,0.413
0,0,0,0,0,0,0.5,0.2,0.25,1.0,0.025,0.08
1.0,0.8,0.7,1.0,0,0.9,1.0,1.0,1.0,0.5,0.825,0.842
0.8,0,1.0,0.333,1.0,0.5,0.4,0.6,0.25,1.0,0.575,0.645
0,0,0.5,0,0.75,0,0,0,0.5,0,0.425,0.144
0.2,0,0.7,0.133,0,0,0,0.2,0,1.0,0.425,0.209
0.4,0,0.5,0,0.25,0.3,0,0.2,0,0.5,0.975,0.274
0.8,0.2,0.6,0.533,1.0,0.7,0.4,0.6,0.25,1.0,0.175,0.649
0.4,0.6,1.0,0.667,1.0,0.2,0.8,0.8,0.25,0.5,0.275,0.587
1.0,0.8,1.0,0.533,0.25,0.5,0.7,0.8,0.25,0.5,0.5,0.75
0,0,0,0,1.0,0,0,0,0,0,0.35,0.084
0.2,0,0.2,0.2,0,0,0.6,0.4,0,0.5,0.4,0.187
0.8,0.4,1.0,0.267,0.25,0.6,0.8,0.8,0.5,0,0.175,0.629
1.0,0,0.9,0.467,0,0.7,0.7,0.8,0.5,0,0.85,0.663
0.8,0,0.5,0.333,1.0,0.7,0.8,0.6,0.75,1.0,0.75,0.649
0.2,0.2,0.6,0.333,1.0,0,0.3,0.6,0,1.0,0.225,0.351
0.2,0,0,0,0,0,0.3,0,0,0,0.55,0.09
0.6,0.2,0.8,0.6,0.25,0.4,0.7,1.0,0.75,1.0,0.9,0.593
1.0,0.6,0.4,0.333,0.25,0.7,0.8,0.8,0,1.0,0.625,0.67
0.2,0,0.8,0.667,1.0,0.1,0.9,0.6,0.5,0.5,1.0,0.453
0.8,0.8,0.7,0.867,0.75,0.7,0.9,1.0,1.0,1.0,0.25,0.807
0.2,0,0.8,0.133,0.75,0,0.3,0.4,1.0,0.5,0.025,0.33
0.8,0.2,0.7,0.667,0.5,0.7,0.7,1.0,0.75,1.0,0.925,0.702
1.0,0.4,1.0,1.0,0.5,0.5,0.9,1.0,0.5,0.5,0.225,0.818
0.6,0,1.0,0.2,1.0,0.4,0.9,0.8,0.75,0,0.9,0.589
0,0,0,0,0.75,0,0,0.2,1.0,0.5,0.225,0.127
0.8,0.6,1.0,0.867,0,0.5,1.0,1.0,0.25,1.0,0.45,0.727
0.4,0.8,1.0,0.533,1.0,0.3,0.6,0.8,1.0,0,0.7,0.605
0,0,0.8,0.133,0.5,0,0.7,0.4,0,0.5,0.3,0.231
1.0,0.6,1.0,0.6,0.5,0.9,0.5,0.8,0.25,0.5,0.15,0.782
0,0,0,0,1.0,0,0.1,0.2,0.5,1.0,0.175,0.148
0.6,0.6,1.0,0.6,0.5,0.2,1.0,0.8,0.75,0,0.55,0.626
0,0,0.3,0,1.0,0,0,0,1.0,1.0,0.95,0.196
0.8,1.0,0.6,0.667,0.25,0.5,1.0,1.0,1.0,0,0.275,0.707
0.8,0,0.7,0.267,0,0.7,1.0,0.8,0.5,0,0.05,0.561
0.4,0,0.5,0.333,1.0,0.3,0.1,0.4,1.0,0,0.225,0.404
0.2,0,0.2,0,0.25,0.1,0.1,0.2,0.25,0,0.55,0.151
0.4,0,0.9,0.533,0.5,0.2,0.6,0.6,1.0,0.5,0.425,0.482
0.4,0,0.8,0.2,0,0.1,0.6,0.4,1.0,0,1.0,0.365
0.2,0,1.0,0.4,0.5,0.1,0.8,0.6,1.0,1.0,0.825,0.435
0,0,0,0,1.0,0,0.2,0.2,0.75,1.0,0.575,0.168
0.2,0,0.6,0,1.0,0,0,0.2,0.5,0,0.525,0.253
0.6,0.6,0.6,0.667,0.25,0.3,1.0,0.8,0,1.0,0.45,0.573
0,0,0.2,0.267,0.25,0,0.7,0.4,1.0,0.5,0.45,0.195
1.0,0.2,0.6,0.867,0.75,0.6,0.7,0.8,0.25,1.0,0.4,0.753
0.8,0.2,1.0,0.667,1.0,0.6,1.0,1.0,0.5,0,0.7,0.744
0.2,0,0.9,0,1.0,0,0.3,0.4,0.25,1.0,0.4,0.336
0.8,0,0.2,0.067,0.5,0.6,0.7,0.6,1.0,1.0,0.05,0.532
0.4,0,0.5,0.2,0,0.1,1.0,0.8,0,0,0.825,0.331
1.0,0.8,1.0,0.467,0.75,0.7,1.0,1.0,0.5,0,0.875,0.827
0,0,0,0,0.25,0,0,0,0.75,0.5,0.3,0.068
0,0,0,0.067,0.25,0,0.1,0,0,1.0,0.5,0.068
0.8,0,0.9,0.6,0,0.4,0.5,0.6,0.25,0.5,0.75,0.567
0.4,0,0,0.067,0,0.1,0,0.2,1.0,1.0,0.575,0.234
0,0,0.8,0.067,1.0,0,0.3,0.4,1.0,0.5,0.45,0.281
0.2,0,0,0.067,0.75,0,0,0.2,0.5,1.0,0.75,0.201
0.2,0,0,0,0,0.1,0.4,0.2,0.75,0,0.825,0.147
0,0,0.2,0,0.5,0,0,0.2,0,1.0,0.15,0.106
1.0,1.0,0.9,1.0,1.0,0.4,1.0,1.0,0.5,1.0,0.375,0.908
0.8,0.4,0.6,0.8,0.5,0.5,1.0,1.0,0.75,0.5,0.525,0.701
0,0,0.2,0.2,0,0,0.3,0.2,1.0,0,1.0,0.124
0.2,0.4,0.7,0.2,0,0,0.6,0.6,0,0.5,1.0,0.295
0.4,0,0.2,0.333,0.5,0.2,0.7,0.4,1.0,1.0,0.025,0.383
0,0,0,0,0,0,0.3,0,0,1.0,0.7,0.055
0.2,0,0.7,0.267,0.25,0.1,0.5,0.6,0.5,0.5,0.625,0.31
0.2,0.2,1.0,0.333,0.75,0,0.6,0.6,0,0.5,0.3,0.383
0.6,0.4,1.0,0.067,0.25,0.2,0.3,0.6,1.0,1.0,0.225,0.516
0.4,0,0.2,0.067,0,0.2,0.1,0.4,1.0,0.5,0.525,0.268
1.0,1.0,1.0,0.6,0.25,0.7,1.0,1.0,0,0,0.975,0.799
0,0,0.8,0.067,0,0,0.7,0.4,0.75,0,0.025,0.196
0.4,0,0.3,0.2,0.25,0.3,0.3,0.2,1.0,0.5,0.075,0.321
1.0,1.0,1.0,1.0,0.5,0.5,1.0,1.0,0,0,0.025,0.835
0,0,0.2,0,1.0,0,0,0,0.75,0.5,0.625,0.155
0.6,0.2,1.0,0.933,0.75,0.4,1.0,1.0,0.75,0.5,0.35,0.691
0.8,0.2,0.3,0.533,0,0.3,0.3,0.6,0.5,1.0,0.4,0.504
0.8,0.2,1.0,0.267,0.25,0.3,1.0,0.8,0.75,0,0.775,0.614
0.8,0.8,1.0,0.667,0.5,0.4,1.0,0.8,0.75,0,0.575,0.733
0.6,1.0,0.8,0.733,0,0.4,1.0,1.0,0.5,0,0.975,0.63
0.6,0,0.7,0.267,1.0,0.5,0.7,0.4,0.25,0.5,0.65,0.53
1.0,0.8,1.0,0.667,0,0.9,0.5,0.8,0.75,0,0,0.768
0.2,0,0.5,0,1.0,0,0,0,0.5,1.0,0.625,0.262
0.2,0,0,0.2,1.0,0,0.5,0.2,1.0,0,0.3,0.251
0.2,0,0.1,0,1.0,0,0.3,0,0.25,0.5,0.875,0.21
0.6,0.4,1.0,0.333,0.25,0.2,0.5,0.8,0.5,0,0,0.515
0,0,0.4,0,1.0,0,0,0.2,1.0,0,0.1,0.179
0,0,0,0,0,0,0.2,0.2,0,1.0,0.275,0.055
0,0,0.5,0,0.5,0,0.1,0,1.0,1.0,0.6,0.182
0.2,0.4,0.5,0.6,1.0,0,0.6,0.6,0.75,1.0,0.55,0.436
0.6,0.2,1.0,1.0,0.25,0.4,1.0,1.0,1.0,1.0,0.25,0.683
0.2,0,0.2,0.533,0.75,0,0.3,0.6,0.5,1.0,0.65,0.313
1.0,0.8,0.4,0.6,0.25,0.5,1.0,0.8,1.0,0,1.0,0.723
0,0,0.2,0,0.25,0,0.3,0.2,1.0,1.0,0.05,0.143
0.8,0,1.0,0.267,0.25,0.7,1.0,0.8,0,1.0,0.4,0.63
1.0,1.0,0.6,0.867,0.25,0.8,1.0,1.0,0.25,1.0,0.875,0.828
0.6,1.0,0.9,0.4,0,0.4,1.0,1.0,0.75,0.5,0.1,0.622
0.4,0,0.3,0.467,1.0,0.2,0.4,0.6,0.5,0,0.5,0.396
0.6,0.2,0.6,0.4,0.25,0.3,0.5,0.6,1.0,1.0,0.175,0.509
0,0,0.7,0.133,0.75,0,0.5,0.4,0,1.0,0.425,0.243
0.6,0.4,0.3,0.267,0.25,0.5,0.9,0.6,0.25,1.0,0.375,0.488
0,0,0.5,0,1.0,0,0,0.2,0.25,0.5,0.175,0.177
0.4,0.6,0.6,0.533,0,0.1,0.5,0.8,1.0,1.0,0.475,0.464
0.6,0,0.5,0.333,0.25,0.4,1.0,0.8,1.0,0,0.675,0.497
0,0,0.4,0,0.75,0,0.2,0,1.0,0,0.4,0.164
0.6,0.4,0.9,0.533,0.5,0.4,0.9,0.6,0,1.0,0.025,0.587
0.6,0.2,1.0,0.867,0.5,0.3,0.9,1.0,0.5,0,0.9,0.629
0.8,0.2,1.0,0.333,0.25,0.7,0.4,0.6,0,0.5,0.675,0.595
0,0,0.3,0,0.25,0,0.4,0.2,0,0.5,0.975,0.115
0.4,0,1.0,0.333,1.0,0.1,0.8,0.8,0.75,0,0.35,0.499
1.0,0,0.7,0.667,0,0.9,0.5,0.8,1.0,0,0.225,0.681
0,0,0.5,0,0,0,0,0,0.5,0,0.275,0.083
0,0,0,0,0.5,0,0.3,0,0,0.5,0.225,0.075
0.4,0.4,0.9,0.4,0,0.1,0.5,0.6,1.0,0.5,0.7,0.447
0.4,0,0.6,0,0.75,0.2,0,0.2,0.5,0,0.025,0.312
0,0,0.4,0.267,0.75,0,0.4,0.2,0.75,0,0.7,0.208
1.0,0.8,1.0,0.533,0.75,0.6,0.8,1.0,0,1.0,0.525,0.82
0.8,0.4,0.4,0.6,0,0.3,0.8,0.8,0.75,1.0,0.525,0.59
1.0,0.2,0.9,0.667,0.25,0.7,0.5,0.8,0.5,0.5,0.025,0.716
0.4,0.6,0.7,0.6,0.75,0.3,0.9,0.8,0.5,0.5,0,0.546
1.0,0.6,1.0,1.0,0.75,0.4,1.0,1.0,1.0,0,0.375,0.858
0.2,0,0.3,0.067,0,0,0.1,0.2,0,1.0,0.475,0.16
0,0,0.7,0,1.0,0,0.4,0.2,0.75,0,0,0.228
0.4,0,0.9,0.133,0.75,0.1,0.3,0.6,0.5,0,0.35,0.395
0.6,0,1.0,0.4,0,0.5,0.9,0.6,0.5,0.5,0.6,0.532
0,0,0.1,0,1.0,0,0.2,0.2,1.0,0,0.8,0.162
0.2,0,0.7,0.4,0,0.1,0.5,0.6,0.75,0,0.45,0.298
0.2,0,0,0,0.25,0.1,0.1,0.4,0.5,1.0,0.1,0.172
0.2,0,0.6,0.533,1.0,0.1,0.3,0.6,0.25,0,0.075,0.344
0.6,0,0.4,0.867,0.25,0.2,0.6,0.8,0.75,0.5,0.275,0.503
0.2,0,0.3,0.067,0,0,0.7,0.4,0.75,0,0.45,0.206
0.8,0,0.2,0.333,0.25,0.3,0.9,0.6,0,0.5,0.7,0.478
0.2,0,0.8,0.133,1.0,0.1,0.4,0.4,0.25,1.0,0.45,0.354
0.8,0.6,1.0,0.667,0.25,0.6,0.7,1.0,0,0,0.975,0.681
0.2,0,0.2,0,0.25,0,0.5,0.2,0.5,0,0.6,0.176
0.2,0,0.2,0,0,0.1,0.3,0,0.75,0,0.125,0.148
0.4,0,0.5,0.467,0.75,0.3,0.7,0.8,0.75,0,0.575,0.448
1.0,1.0,1.0,0.933,0,0.9,1.0,1.0,0.75,0.5,0.85,0.877
0,0,0,0.333,0,0,0.7,0.4,0.25,0,0.6,0.115
1.0,0.6,1.0,1.0,0.25,0.8,1.0,1.0,1.0,0.5,0,0.865
0.6,0.8,1.0,0.6,1.0,0.4,0.8,1.0,0,0,0.475,0.667
0.6,0.8,1.0,0.6,0.5,0.2,0.9,1.0,0.75,0,0.35,0.644
0,0,0.1,0,1.0,0,0,0,0.25,1.0,0.025,0.132
0.6,0,0.6,0.133,0.75,0.3,1.0,0.8,0.25,0.5,0.1,0.498
0.6,0.4,0.8,0.333,0.5,0.4,0.9,0.6,0.75,0,0.4,0.557
0.8,0,0.6,0.333,0.75,0.4,0.3,0.6,0.25,0.5,0.85,0.55
0.4,0,0.3,0.2,0.5,0.2,0.7,0.4,0.5,1.0,0.175,0.362
0.4,0,0,0,0.25,0.1,0,0.2,0,0.5,0.85,0.195
0.8,0.8,1.0,0.8,1.0,0.7,0.9,0.8,0.25,1.0,0.225,0.815
0.6,0.4,0.5,0.467,1.0,0.2,0.6,0.8,0.5,1.0,0.625,0.572
0.6,0.2,1.0,1.0,0.25,0.3,0.7,1.0,0.25,0.5,0.675,0.615
0.6,0,0.2,0.067,0.75,0.5,0.9,0.6,0.25,0,0.375,0.432
0.6,0,0,0.133,0.25,0.4,0.5,0.4,0.5,0.5,0.925,0.363
0,0,0.5,0,0.25,0,0,0,0.25,0.5,0.75,0.112
1.0,0.8,0.9,1.0,1.0,0.4,1.0,1.0,0.75,0.5,0.4,0.887
1.0,0.4,1.0,0.733,0,0.9,1.0,1.0,0.5,1.0,0.05,0.804
1.0,0.8,0.4,0.867,0.5,0.5,0.6,0.8,0.5,0.5,0.05,0.734
0.4,0,0.4,0.333,1.0,0.2,0.3,0.6,0,0.5,0.725,0.385
0.6,0,0.3,0.467,0.25,0.4,0.5,0.6,0.75,1.0,0.85,0.47
0,0,0.6,0.067,0.75,0,0.3,0.2,0,1.0,0.35,0.201
0.4,0.8,0.4,0.467,0,0.2,0.5,0.8,0.25,0.5,0.1,0.409
0.6,0,0.4,0.733,0,0.2,0.7,0.8,0.75,0.5,0.275,0.474
0,0,0,0,0.75,0,0,0,0.5,0,0.4,0.084
1.0,0.2,0.8,0.867,0,0.9,0.8,1.0,0.25,1.0,0.1,0.757
0.4,0,0.9,0.333,0.75,0.2,0.4,0.4,0,1.0,0.275,0.431
0.6,0,0.6,0.333,0.5,0.4,0.9,0.6,0.5,0,0.475,0.491
0,0,0.4,0,0.25,0,0.2,0,0.5,1.0,0.8,0.138
0.2,0,0,0,0.5,0.1,0.4,0.2,0.75,0.5,0.825,0.202
0.4,0.4,0.6,0.4,1.0,0.2,0.7,0.6,0.25,0.5,0.825,0.483
0,0,0,0.2,0.5,0,0,0,0.75,0,0.175,0.094
0,0,0,0,1.0,0,0.4,0.2,0.5,0.5,0.925,0.158
0.6,0.2,1.0,0.933,0.25,0.5,0.9,1.0,0.5,0.5,0.575,0.646
0.4,0,0.7,0,0.25,0.2,0.5,0.2,1.0,0,1.0,0.344
1.0,0.6,1.0,1.0,0.25,0.5,0.9,1.0,0.25,0,0,0.787
0,0,0.5,0,0,0,0,0,1.0,0,0.425,0.104
0.6,0,0.5,0.2,0.75,0.3,0.5,0.4,0.25,0.5,0.05,0.443
0,0,0.4,0,0.25,0,0,0,0.75,0.5,0.45,0.118
0.4,0,0,0,0.25,0.3,0.2,0.2,1.0,0,0.05,0.242
0,0,0,0,1.0,0,0,0,0.75,1.0,0.6,0.146
0.8,0,0.6,0.867,1.0,0.6,1.0,0.8,0.75,0,0.2,0.697
1.0,0.6,0.8,0.733,1.0,0.7,0.7,1.0,0.75,1.0,0.6,0.856
0,0,0.2,0,0.75,0,0.2,0.4,0,0,0.925,0.125
1.0,1.0,1.0,0.867,0.75,0.4,1.0,1.0,0.5,0,0.425,0.856
0.6,0.4,1.0,0.333,1.0,0.5,1.0,1.0,1.0,0.5,0.725,0.684
0.6,0.2,1.0,0.267,0.5,0.2,0.9,0.8,0.75,0,0.45,0.55
0.4,0,0.6,0.2,0.25,0.3,0.4,0.4,0.5,0,0.5,0.342
0.4,0,0.3,0,0.5,0.3,0.3,0.2,0.25,1.0,0.925,0.312
0,0,0,0.067,0.25,0,0.2,0.2,0,1.0,0.9,0.088
0.4,0.2,0.6,0.267,0.75,0.3,0.9,0.6,1.0,0.5,0.85,0.484
0.6,0.4,0.8,0.2,0.5,0.4,0.8,0.6,0.25,0.5,0.925,0.536
0,0,0,0,0.25,0,0,0,0,0.5,0.2,0.037
0.8,0.2,1.0,1.0,0,0.3,0.9,1.0,0.75,0,0.55,0.677
0.8,0.2,0.6,0.933,0.5,0.6,0.7,0.8,0.75,1.0,0.35,0.694
0.4,0.2,0.4,0.667,0.25,0.3,0.9,0.8,0.75,1.0,0.525,0.476
0.4,0,0,0.333,0.75,0.3,0.6,0.4,1.0,0,0.025,0.352
0.2,0.4,0.7,0.333,0.5,0,0.9,0.6,0.5,0,0.375,0.366
0.2,0,0.5,0.067,1.0,0.1,0,0.2,0.25,0,0.6,0.248
0,0,0,0,1.0,0,0.1,0,0.75,0,0.05,0.117
0.8,0.4,1.0,0.467,0,0.6,1.0,1.0,0.5,0.5,0.875,0.675
0.4,0.2,1.0,0.267,0.75,0.3,0.7,0.6,1.0,1.0,0.55,0.532
0.6,0.8,1.0,0.867,0.25,0.2,1.0,0.8,0.75,1.0,0,0.675
0.6,0,0.4,0.067,1.0,0.2,0.2,0.4,1.0,1.0,0.525,0.459
0,0,0.2,0,1.0,0,0.2,0,1.0,1.0,0.05,0.186
0.6,0.2,0.2,0.533,1.0,0.2,0.6,0.6,0.5,1.0,1.0,0.521
0.4,0,0.6,0.133,0.5,0.3,0,0.2,1.0,0.5,0.65,0.357
0.6,0.2,0.5,0.267,0.25,0.2,0.8,0.6,0,1.0,0.475,0.454
0,0,0.7,0.333,0.75,0,0.5,0.4,0.25,1.0,0.175,0.272
0.6,0.2,1.0,0.333,0,0.4,0.7,0.8,0,0.5,0.65,0.51
0.6,0,1.0,0.6,0.25,0.5,0.6,0.8,0.5,0.5,0.6,0.566
0.4,0,0.6,0.067,0,0.3,0.7,0.4,0,1.0,0.45,0.335
0.6,0.2,1.0,0.333,0,0.5,0.6,0.6,1.0,0.5,0.325,0.54
0.4,0,0,0,0.5,0.1,0,0.2,1.0,0.5,0.8,0.254
0.4,0,0.7,0.133,0,0.1,0.2,0.2,0,0.5,0.875,0.285
0.4,0.6,0.7,0.667,0.25,0.3,1.0,0.8,0.75,0,0.65,0.521
0.8,0.8,0.6,1.0,0.75,0.7,0.8,1.0,0.5,0.5,0.775,0.774
1.0,1.0,1.0,0.667,0,0.6,0.7,1.0,0.75,0.5,0.15,0.796
0,0,0.4,0.133,0.5,0,0,0,0,0.5,0.875,0.126
0.4,0,0.8,0.2,1.0,0.3,0.6,0.4,0.75,0,0.95,0.453
0,0,0.5,0,0.25,0,0.3,0,0.25,0.5,0.9,0.132
0,0,0.2,0,0.25,0,0.5,0.2,0.25,0,0.075,0.095
0.4,0.8,0.9,0.4,1.0,0.3,1.0,0.8,0,1.0,0.075,0.586
0.2,0,0.3,0.067,0.25,0,0.1,0.4,0.75,0.5,0.65,0.207
0.2,0,0.2,0.267,0.25,0.1,0.2,0.4,1.0,1.0,0.7,0.257
1.0,1.0,1.0,0.467,0.5,0.9,0.7,1.0,0.5,1.0,0.875,0.853
0,0,0.4,0,0.75,0,0,0,0.25,0,0.85,0.127
0,0,0.6,0,0,0,0.3,0.2,0.5,1.0,0.85,0.159
0,0,0,0.2,0,0,0.1,0.2,0.5,0,1.0,0.068
0,0,0.1,0.267,0,0,0.2,0.4,1.0,0.5,0.4,0.132
0,0,0,0,1.0,0,0.3,0.2,1.0,0,0.925,0.157
0,0,0.2,0,1.0,0,0.3,0,0.75,0,0.425,0.156
0,0,0,0,1.0,0,0.1,0,0.25,0,0.375,0.1
0.2,0,1.0,0.133,0.75,0,0.3,0.6,0.25,0.5,0.225,0.336
0.8,0,0.8,0.533,1.0,0.3,0.8,0.6,0.25,0.5,0.25,0.631
0,0,0.3,0,0.5,0,0.1,0.2,0.25,1.0,1.0,0.142
0,0,0.5,0,0,0,0,0,0.5,0,0.675,0.087
0.6,0.6,1.0,0.867,0.75,0.3,0.7,1.0,0,0,0.25,0.643
0.6,0.4,0.6,0.533,1.0,0.5,1.0,1.0,0.5,0.5,0.3,0.634
0.4,0,0.1,0.2,0.75,0.1,0.5,0.4,0,0,0.075,0.286
1.0,0.2,0.5,0.467,0.75,0.9,1.0,0.8,0.5,0.5,0.85,0.742
0.8,0.8,0.5,0.867,1.0,0.6,1.0,0.8,0.25,1.0,0.75,0.765
0,0,0.5,0.133,0.5,0,0.1,0.2,0.5,0.5,0.2,0.168
0,0,0.1,0.067,1.0,0,0,0,0.5,0.5,0.2,0.136
0.8,0,1.0,0.667,0.25,0.5,0.9,0.8,1.0,0,0.05,0.657
0.6,0,0.3,0.2,0,0.4,0.7,0.6,0.5,0.5,0.925,0.408
0.6,0,0.4,0.733,0.75,0.5,1.0,0.8,0.75,1.0,0.6,0.598
0.2,0,1.0,0.467,0.5,0.1,0.8,0.6,0.75,1.0,0.525,0.43
0.2,0,0.3,0.067,0.75,0,0.5,0.4,1.0,0,0.375,0.263
0.6,0.2,0.9,0.467,0.75,0.2,0.7,0.8,1.0,0.5,0,0.588
0.8,0,0.5,0.133,0.5,0.5,0.6,0.6,0,1.0,0.275,0.522
0,0,0.4,0,0.5,0,0.3,0,0,0,0.775,0.114
0.2,0,0.7,0.133,0.25,0.1,0.5,0.4,0.75,0.5,0.85,0.297
0.6,0,0.8,0.667,0,0.5,0.4,0.6,0,0.5,0.175,0.483
0.6,0.6,0.8,0.533,0.75,0.4,0.6,0.8,0,1.0,0.275,0.605
0,0,0.3,0.067,0.75,0,0.5,0.2,1.0,0,0.875,0.192
0,0,0,0,0.75,0,0.3,0,0.5,0,0.1,0.099
0.8,0.2,0.3,0.133,0,0.3,0.4,0.6,0.5,0,0.225,0.434
0.8,0.4,1.0,1.0,0,0.7,1.0,1.0,0.75,0.5,0.75,0.752
0.2,0,0.4,0,0.5,0,0.2,0.2,0.25,0,0.5,0.191
0.8,0.4,0.8,0.667,0,0.7,0.5,0.6,0.5,0.5,0.775,0.631
0.4,0.6,0.6,0.8,0.5,0.2,0.8,0.8,1.0,0,0.95,0.535
0,0,0.5,0.067,0,0,0,0,1.0,1.0,0.45,0.142
0,0,0.4,0.333,0.25,0,0.7,0.4,0.75,1.0,0.325,0.23
0.6,0,0.6,0,0.5,0.5,0.3,0.4,1.0,0,0.95,0.443
0,0,0,0,0.25,0,0,0,0.5,0,0.375,0.044
0,0,0,0,0.25,0,0.3,0.2,0.5,1.0,0.5,0.103
0,0,0.4,0,0.75,0,0,0.2,1.0,0,0.825,0.166
0,0,0.1,0,1.0,0,0,0.2,0.5,0.5,0.925,0.146
0.8,0.6,1.0,0.933,0.75,0.5,0.9,1.0,0.25,0,0.575,0.759
0.4,0,0.7,0.2,0.25,0.2,0.2,0.4,1.0,0,0.25,0.351
0,0,0.4,0,0.75,0,0.1,0,0.5,1.0,0.675,0.171
0.6,0,0.2,0.267,0.75,0.5,0.2,0.4,0.75,0,0.65,0.425
1.0,0.8,0.8,0.867,1.0,0.8,0.8,1.0,0.5,0,0.075,0.856
0.8,0.6,0.7,0.933,0.5,0.5,0.9,0.8,0.75,0.5,0.875,0.731
1.0,0.8,0.6,0.2,0,0.8,0.5,0.8,0.5,0.5,0.35,0.669
0.2,0,0.3,0,0.25,0,0,0.2,0.75,0.5,0.325,0.18
0.8,0,1.0,0.4,0,0.7,0.7,0.6,0.75,1.0,0.125,0.624
0,0,0.4,0,0.75,0,0.4,0.4,0.25,0,0.325,0.165
0,0,0,0,0,0,0,0,0.75,1.0,0.675,0.067
0.4,0.4,1.0,0.267,1.0,0.1,0.4,0.6,1.0,0,0.2,0.498
0.2,0,0.6,0.067,1.0,0,0,0.2,0,1.0,0,0.265
0.2,0,0,0,1.0,0,0,0,0.5,1.0,0,0.196
0.6,0,0,0.067,0.5,0.4,0.1,0.4,0.5,1.0,0.2,0.359
0,0,0.7,0.333,1.0,0,0.3,0.4,0,0,0.525,0.244
1.0,0.6,0.7,0.667,1.0,0.8,1.0,0.8,0,0.5,1.0,0.812
0.2,0,0.6,0,0,0.1,0.3,0.2,0.5,0.5,0.85,0.219
0.6,0.4,1.0,0.267,1.0,0.3,0.7,0.6,0.75,0.5,1.0,0.613
0.6,0,0.2,0.067,0.5,0.3,0.3,0.4,1.0,1.0,0.425,0.409
0.8,0.2,0.6,0.6,0.75,0.6,0.3,0.6,0.75,1.0,0.525,0.645
0,0,0,0,0.5,0,0.2,0,0,0,0.875,0.061
0.8,0.6,1.0,0.333,0.25,0.4,1.0,1.0,0.25,0.5,0.6,0.666
1.0,0.4,1.0,0.6,0.75,0.4,0.9,1.0,0.75,0.5,0.35,0.797
1.0,0.6,0.8,0.8,0.75,0.9,1.0,1.0,0.5,1.0,0.1,0.864
0.4,0,0.5,0.667,0.25,0.3,1.0,0.8,0.25,1.0,0.75,0.46
0.4,0,0,0,0.5,0.3,0.1,0.2,1.0,0.5,0.225,0.272
0.2,0,0.6,0,0.75,0,0.3,0.2,0.75,0,0.3,0.259
0.4,0,0.2,0.133,0.25,0.3,0.1,0.4,0,0,0.425,0.248
0,0,0,0,0.25,0,0,0,0,0,0.575,0.026
0.6,0.2,1.0,0.667,0.5,0.5,0.6,0.8,1.0,0.5,0.25,0.626
0.8,0,0.9,0.667,0.5,0.6,1.0,0.8,0.25,0,0.575,0.655
0,0,0,0,0.5,0,0,0,0,1.0,0.7,0.077
0.4,0,0.9,0.067,0,0.1,0.5,0.4,0.25,0.5,0.025,0.332
0,0,0.1,0,0.75,0,0.1,0.2,1.0,1.0,1.0,0.168
0.4,0,0.7,0.133,0.5,0.3,0.8,0.8,0.75,0.5,0.9,0.44
0,0,0.5,0.133,0.5,0,0.6,0.4,0.75,0.5,0.275,0.218
0.2,0,0.1,0.067,0.5,0.1,0.4,0.4,0,1.0,0.725,0.216
1.0,1.0,0.6,0.6,0.5,0.4,0.8,1.0,0.75,0.5,0.225,0.769
0.2,0,0.4,0,0.5,0,0.2,0.4,0.75,0.5,0.575,0.237
0,0,0,0.267,0.5,0,0.3,0.4,0.25,0,0.15,0.119
0.4,0,0,0,0.75,0.3,0.2,0.2,0.5,0,0.65,0.268
0.4,0,1.0,0.4,0.25,0.3,0.4,0.6,0.25,1.0,0.675,0.444
0.4,0.6,1.0,0.267,0.75,0.1,0.8,0.8,0,0,0.4,0.49
0.4,0,0.5,0.333,0.75,0.1,0.6,0.6,0.5,0,0.45,0.388
1.0,0.6,1.0,0.667,0.25,0.9,0.7,1.0,0.5,0,0.7,0.791
0.2,0,0,0,0.5,0.1,0.4,0.2,0.25,0.5,0.75,0.182
0.6,0.4,0.5,0.2,0.25,0.5,1.0,0.8,0.5,0.5,0.25,0.515
0,0,0,0,0.25,0,0.1,0,1.0,1.0,0.9,0.105
0.2,0,0.3,0.267,0,0.1,0.3,0.4,1.0,0.5,0.925,0.243
0.4,0,0.5,0,0.5,0.1,0.1,0.2,0.5,1.0,0.075,0.308
0.8,0.4,0.8,0.933,0.75,0.7,0.9,0.8,0.25,1.0,0.925,0.761
1.0,0,0.5,0.4,0.75,0.7,1.0,0.8,1.0,1.0,0.8,0.735
1.0,0.6,0.7,0.733,0.5,0.4,0.6,0.8,1.0,0.5,0.425,0.754
0,0,0,0,0,0,0.1,0,0.75,0.5,0.1,0.052
0.2,0,0.4,0.133,0.25,0,0,0.2,0,0,0.75,0.166
0,0,0,0.2,1.0,0,0,0,0,1.0,0.65,0.139
0.6,0,0.1,0.133,1.0,0.5,0.6,0.4,0.75,1.0,0.8,0.474
0.2,0,0.2,0.467,0,0.1,0.5,0.6,1.0,0.5,0.125,0.267
0,0,0.5,0.067,1.0,0,0.3,0.4,1.0,1.0,0.175,0.257
0.4,0,0.4,0.4,1.0,0.3,0.7,0.6,0.25,0.5,0.825,0.436
0.2,0,0.9,0.2,0.75,0,0.6,0.6,0.25,1.0,0.125,0.363
0.2,0,0,0,0.5,0,0.2,0.2,0.5,0,0.35,0.151
0.4,0,0,0,0.25,0.1,0.4,0.2,0,0.5,0.575,0.216
0,0,0,0,1.0,0,0,0,0.75,1.0,0.525,0.145
1.0,1.0,0.7,1.0,1.0,0.9,1.0,1.0,0.5,0.5,0.725,0.917
0.2,0,0.6,0,1.0,0,0.5,0.2,1.0,1.0,0.35,0.331
1.0,0.4,1.0,1.0,0.75,0.4,0.9,1.0,0,0,0.425,0.796
0.2,0,0.6,0.067,0.75,0.1,0,0.2,0.75,1.0,0.275,0.287
0.4,0,0.9,0.2,0,0.1,0.1,0.4,0.25,0,0.325,0.31
1.0,0.8,1.0,1.0,1.0,0.7,0.9,1.0,1.0,0,0.95,0.92
0.2,0,0.3,0,0.5,0,0.2,0.2,0,1.0,0.3,0.197
0.6,0,0.2,0.133,0.75,0.4,0.7,0.6,0.75,1.0,0.15,0.466
0,0,0.9,0.067,1.0,0,0.7,0.4,0.5,0.5,0.425,0.297
0.6,0,0.3,0.2,0.75,0.5,0.7,0.6,0.25,1.0,0.5,0.478
0.2,0,0.4,0.267,0.5,0,0.7,0.6,0.5,0.5,0.25,0.293
0.6,1.0,1.0,0.867,1.0,0.2,0.7,1.0,0,0.5,1.0,0.708
0,0,0.1,0.267,0.75,0,0.5,0.4,0,0.5,0,0.166
0.4,0,0.5,0.867,0.75,0.3,0.6,0.8,0.25,0.5,0.175,0.477
0.2,0,1.0,0.6,0.25,0.1,0.6,0.6,0,0,0.675,0.354
0,0,0,0,0.75,0,0.2,0,1.0,1.0,0.975,0.152
0.2,0,0.5,0.467,0.75,0,0.3,0.6,0.25,0.5,0.325,0.314
0.6,0.4,1.0,0.467,0.75,0.3,0.5,0.6,0.75,0,0.6,0.584
0.4,0,0.6,0,1.0,0.3,0.7,0.4,1.0,1.0,0.825,0.451
0.6,0,0.4,0.133,0,0.5,0.3,0.6,1.0,1.0,1.0,0.434
0,0,0,0,0,0,0.4,0.2,0.25,0.5,0.125,0.06
1.0,1.0,1.0,0.267,0.75,0.9,1.0,1.0,0.25,0.5,0.675,0.842
0,0,0.4,0,0,0,0.3,0.2,0,1.0,0.125,0.107
0.6,0.2,1.0,1.0,1.0,0.4,1.0,1.0,0,0,0.2,0.672
0,0,0.5,0,0,0,0,0,0.25,0,0.35,0.073
0.4,0,0.9,0.533,0.75,0.1,0.9,0.6,0.5,0,0.45,0.476
1.0,0.2,1.0,1.0,1.0,0.5,1.0,1.0,0,0.5,0.175,0.828
0,0,0.5,0.333,0.75,0,0.4,0.4,0.75,0,0.475,0.235
0.2,0,0.8,0.333,0.5,0.1,0.8,0.6,0.75,0.5,0.075,0.371
1.0,0.2,1.0,0.4,0,0.5,1.0,1.0,0.25,1.0,0.025,0.705
0.4,0,0,0.2,0.5,0.3,0.5,0.4,0.5,0,0.4,0.295
1.0,0.6,1.0,0.467,1.0,0.5,1.0,1.0,0.75,1.0,0.225,0.847
1.0,0.6,0.9,0.333,0.75,0.9,1.0,1.0,0.5,1.0,0.35,0.827
0.2,0,0,0.267,1.0,0.1,0.6,0.4,0.5,1.0,0.55,0.296
1.0,1.0,0.9,1.0,0.5,0.9,1.0,1.0,1.0,0.5,0.1,0.915
0.4,0,0.1,0.067,0.5,0.1,0.3,0.4,0.75,0.5,0.475,0.288
1.0,0.2,0.8,0.867,0.75,0.4,1.0,0.8,1.0,0.5,0.125,0.79
0,0,0.2,0,0.5,0,0.1,0,0,0,0.9,0.079
0,0,0,0,0.75,0,0,0,0.5,0,0.775,0.088
0,0,0.7,0,1.0,0,0.2,0.2,0.25,0.5,0.2,0.213
0,0,0,0,1.0,0,0,0,1.0,1.0,0.775,0.158
0.6,0.2,0.8,0.467,0.75,0.3,0.8,0.8,0,0,0.175,0.538
0,0,0.5,0.133,1.0,0,0.4,0.2,0,1.0,0.65,0.225
0.4,0.4,0.3,0.333,0,0.3,0.5,0.6,1.0,0.5,0.4,0.383
1.0,0.2,0.8,0.867,0.75,0.5,0.8,1.0,0.75,0,0.325,0.774
0.4,0,0.6,0.4,0.5,0.3,0.6,0.6,0.5,0.5,0.825,0.424
0,0,0.2,0,0.75,0,0.3,0,0.75,0,0.6,0.138
1.0,0.4,0.8,0.6,1.0,0.4,0.9,0.8,0.25,0.5,0.775,0.767
0.4,0,0.4,0.133,0.75,0.2,0.4,0.2,0,0,0.7,0.314
0.6,0.4,1.0,0.867,0.75,0.5,1.0,1.0,0.5,1.0,0.975,0.72
0.4,0,0.7,0,0.5,0.2,0.2,0.2,0.25,0.5,0.625,0.327
0.2,0,0,0,0.75,0,0,0,1.0,0,0.475,0.171
0,0,0.2,0.133,0.5,0,0.5,0.4,0.25,1.0,0.8,0.177
0.2,0,0,0.067,0.25,0.1,0.5,0.2,0.75,0,0.225,0.175
0.6,1.0,1.0,0.6,0.25,0.3,0.8,1.0,1.0,0,0.05,0.65
0,0,0.9,0.267,0.75,0,0.2,0.4,0.5,1.0,0.625,0.286
0.2,0.2,0.4,0.6,1.0,0.1,0.6,0.6,0.5,1.0,0.625,0.407
1.0,0.4,1.0,0.867,0,0.4,0.7,1.0,1.0,0.5,0.55,0.766
0.6,0.2,0.7,0.2,0,0.4,0.6,0.6,0.75,0,0.2,0.454
0.2,0,0.3,0,0.75,0.1,0.5,0.2,0.75,0.5,0.35,0.26
1.0,0.8,0.8,1.0,0.5,0.4,1.0,1.0,1.0,0,0.4,0.83
1.0,0,1.0,0.667,0.5,0.9,0.5,0.8,0.5,0,0.85,0.743
0,0,0,0.133,0.25,0,0.5,0.2,0.75,0.5,0.975,0.129
0.6,0,0.8,0.2,1.0,0.3,0.7,0.4,0,0,0.35,0.489
0.2,0,0.2,0.2,0,0.1,0.1,0.4,0.5,0.5,0.525,0.187
0.6,0.4,0.6,0.933,0.75,0.4,1.0,1.0,0,0.5,0.975,0.635
0,0,0.1,0,0.25,0,0.3,0,0,1.0,0.6,0.086
0.4,0,0.1,0.267,1.0,0.2,0.7,0.4,0,1.0,0.525,0.369
0.4,0,0.5,0.267,0,0.2,0.4,0.6,0.25,0,0.375,0.307
0.6,0,1.0,0.133,0.25,0.2,0.4,0.6,0,1.0,0.875,0.463
0.6,0,1.0,0.333,0.25,0.5,1.0,0.8,0.75,0.5,0.7,0.572
0.6,0,0.9,0.267,0,0.5,0.2,0.4,0.75,1.0,0.775,0.48
0.6,0.4,1.0,0.8,0.5,0.4,1.0,1.0,0.25,1.0,0.975,0.674
0.6,0,0.1,0.067,0.25,0.4,0.6,0.4,0.75,1.0,0.975,0.399
1.0,1.0,0.8,0.933,0.5,0.6,1.0,1.0,0.5,0.5,0.425,0.852
1.0,0.4,0.5,0.533,1.0,0.9,0.7,0.8,1.0,1.0,0.675,0.8
0.4,0,0.5,0.467,0,0.3,0.8,0.6,0.75,0.5,0.9,0.402
0.6,0.8,1.0,0.4,0.75,0.3,0.9,0.8,0,1.0,0.1,0.638
1.0,0.6,1.0,0.467,0.75,0.8,0.9,1.0,0.5,1.0,0.575,0.841
0,0,0.2,0.067,0.5,0,0.6,0.4,0.25,1.0,0,0.167
0.6,0.4,0.7,0.4,1.0,0.5,0.8,0.8,1.0,0,0.45,0.616
0.6,0.4,0.9,0.267,1.0,0.3,0.3,0.6,0.75,0,0.6,0.558
0.6,0.4,0.5,0.533,0,0.2,0.4,0.6,0.25,0.5,0.575,0.451
1.0,0.2,1.0,0.667,0.75,0.9,0.7,1.0,0.5,0.5,0.9,0.816
0.8,0.4,1.0,0.6,0.75,0.3,0.3,0.6,1.0,0.5,0.525,0.677
0.2,0,0.5,0,0,0,0,0.2,0.25,0,0.375,0.15
0.4,0,0.4,0.133,0,0.3,0.6,0.4,0.75,0,0.75,0.315
0.4,0.2,0.4,0.6,0.25,0.1,0.7,0.8,0.5,1.0,0.775,0.431
0.6,0,1.0,0.6,0.5,0.3,0.8,0.8,0.75,0,0.975,0.579
0.6,0,1.0,0.4,0.5,0.5,0.7,0.8,0.25,1.0,0.425,0.573
0,0,0.5,0,0.75,0,0,0.2,1.0,1.0,0.925,0.209
0.6,0.8,0.7,0.733,0.75,0.2,0.8,1.0,1.0,0,0.5,0.648
0.8,0,0.2,0.133,1.0,0.7,0.3,0.6,0,1.0,0.225,0.526
0,0,0,0,0.5,0,0.4,0.2,0.5,0,0.4,0.098
1.0,0.6,0.6,0.467,0,0.4,0.7,0.8,0,0.5,0.25,0.637
0.6,0,0.9,0.267,0.25,0.5,0.4,0.4,0,0.5,0.575,0.465
0.4,0.4,1.0,0.267,0.5,0.2,1.0,0.8,0.25,0.5,0.125,0.498
0.4,0,0,0,1.0,0.2,0.3,0.4,0.25,1.0,1.0,0.318
0.4,0,1.0,0.733,0.75,0.2,0.7,0.8,0.75,1.0,0.15,0.554
0.6,0.8,1.0,0.267,0.5,0.2,1.0,1.0,0.75,0.5,0.85,0.633
0.4,0,0.1,0.133,0,0.1,0.4,0.4,0,0,0.925,0.221
0,0,0.3,0,0.5,0,0,0,0.25,1.0,0.95,0.126
0.4,0,0.7,0.133,0.25,0.1,0.1,0.4,0.25,0.5,0.375,0.314
0.2,0,0.7,0.067,1.0,0,0.3,0.4,1.0,0,0.175,0.317
0.2,0,0.1,0.2,0,0.1,0.7,0.4,1.0,0.5,0.475,0.231
0,0,0.2,0,1.0,0,0.3,0,1.0,1.0,0.9,0.201
0,0,0,0,0.75,0,0,0,0.5,0.5,0.275,0.098
0.4,0.2,0.6,0.6,0.5,0.2,0.8,0.6,0.5,0,0.075,0.443
0,0,0.4,0,0.25,0,0,0,0.75,1.0,0.675,0.135
0.4,0,0.9,0,0,0.2,0.1,0.4,0.25,0.5,0.425,0.313
0.6,0,0.1,0.267,0,0.4,0.3,0.4,0.5,0.5,0.6,0.354
0,0,0,0,1.0,0,0,0,0.75,1.0,0.8,0.148
1.0,0.4,1.0,0.8,0,0.4,0.7,0.8,1.0,0,0.775,0.736
0.6,0.4,0.5,0.333,0.75,0.2,0.8,0.6,1.0,1.0,0.075,0.553
0,0,0.3,0,0,0,0,0,1.0,0.5,0.675,0.098
0,0,0,0,0,0,0,0,0.5,1.0,0.625,0.056
0.2,0,0.9,0.267,1.0,0.1,0.6,0.4,0,1.0,0.35,0.382
0.8,0.2,0.5,0.267,0.5,0.3,0.4,0.6,0.5,0,0.5,0.515
0,0,0,0,1.0,0,0.3,0,0.25,0,0.425,0.112
0.6,0.8,0.8,0.733,1.0,0.3,0.9,0.8,0.75,0.5,0.375,0.688
0.6,0.2,0.8,0.4,0.5,0.5,0.6,0.6,1.0,0,0.075,0.546
0,0,0.4,0,1.0,0,0.5,0.2,0.75,0.5,0,0.213
0.6,0.6,1.0,0.8,0.5,0.4,1.0,1.0,0.25,0.5,0.175,0.667
0.8,0.4,1.0,0.733,0,0.6,1.0,1.0,0.5,1.0,0.275,0.713
0.2,0,1.0,0.6,0.75,0,0.3,0.6,0.25,0.5,0.025,0.385
0.8,0,0.8,0.667,0.75,0.6,0.9,0.8,0.75,0,0.9,0.68
0.6,0,0.8,0.467,0.25,0.3,0.6,0.6,1.0,0.5,0.4,0.517
0,0,0,0.267,0.25,0,0,0.2,1.0,0.5,0.975,0.124
0.4,0.8,0.6,0.2,0,0.2,0.5,0.8,0.25,0,0.925,0.397
0.2,0.2,0.3,0.2,0.75,0.1,0.4,0.6,0.25,0,0.05,0.274
0.6,0,0.1,0.2,1.0,0.3,0.7,0.4,0.75,0,0.875,0.44
0.6,0,0.4,0.333,0,0.2,0.3,0.4,0.75,0,0.525,0.374
0,0,0,0.067,0,0,0.3,0,1.0,1.0,0.05,0.096
0.2,0,0.5,0,0.25,0,0,0.2,1.0,0,0.2,0.198
0,0,0,0,0.75,0,0,0,1.0,0,0.65,0.107
0,0,0.7,0,0,0,0.5,0.2,1.0,1.0,0.975,0.204
1.0,1.0,1.0,1.0,0.25,0.8,0.9,1.0,1.0,1.0,0.9,0.915
1.0,0.6,0.8,0.533,0.75,0.5,0.7,0.8,1.0,1.0,0.65,0.796
0.6,0,0.6,0.267,0.75,0.2,0.2,0.4,0,0.5,0.875,0.433
0,0,0.3,0,0.25,0,0,0,0.75,0.5,0.725,0.108
0,0,0,0,0.25,0,0,0,0.75,0.5,0.7,0.072
0.4,0,0.7,0.333,0.25,0.3,0.3,0.4,0,0.5,0.6,0.359
0.4,0,0.6,0.2,0.5,0.1,0,0.2,1.0,0.5,0.05,0.341
0,0,0.5,0,1.0,0,0.1,0,1.0,0.5,0.775,0.209
0.6,0.8,0.6,0.267,0.5,0.2,0.7,0.8,0.25,1.0,0.475,0.548
0.6,0.4,0.9,0.333,0.25,0.4,0.9,0.6,0.25,0,0.675,0.531
0.4,0.2,0.9,0.667,0.25,0.1,1.0,0.8,1.0,1.0,0.9,0.537
0,0,0.8,0.2,0.25,0,0.7,0.4,0,0,0.5,0.205
0.4,0.2,1.0,0.2,1.0,0.3,0.6,0.6,0,1.0,0.575,0.499
0.8,0,0.7,0.2,0.25,0.4,0.7,0.6,0,0,0.45,0.502
0.6,0,0.8,0.267,0,0.5,0.3,0.4,0,0.5,0.05,0.422
0.2,0,0,0,0,0,0.3,0.2,0.5,1.0,0.075,0.145
0,0,0,0,0.25,0,0.2,0,1.0,0,0.575,0.078
0,0,0.4,0.2,0.25,0,0.7,0.4,0.25,1.0,0.25,0.195
0.8,0.4,0.7,0.667,0.25,0.6,1.0,0.8,0,1.0,0.6,0.663
0.6,0.4,1.0,0.533,0.5,0.3,0.7,0.8,0.5,0.5,0.25,0.595
0.2,0,0.6,0.067,1.0,0.1,0,0.2,0.75,0,0.525,0.28
1.0,0.8,1.0,0.867,0.5,0.5,1.0,0.8,0.25,0.5,0.475,0.824
0,0,0,0,0,0,0.3,0.2,1.0,0,0,0.068
0,0,0,0,0.75,0,0.3,0.2,0.25,0,0.55,0.103
0,0,0.2,0.2,1.0,0,0.6,0.4,0,0,0.2,0.184
0,0,0.3,0.2,0.5,0,0.3,0.2,1.0,1.0,0.625,0.202
0.6,0,0.8,0.267,0.75,0.3,0.8,0.6,0.25,1.0,0.675,0.535
1.0,1.0,0.6,0.733,0.25,0.9,0.7,1.0,0.25,1.0,0.1,0.797
0.4,0,0.2,0.133,0.25,0.2,0.6,0.4,0.5,1.0,0.9,0.324
0.2,0,0.2,0.4,0.25,0.1,0.5,0.6,0.25,0.5,0.975,0.258
0,0,0.3,0,1.0,0,0.1,0,0.25,1.0,0.35,0.166
0.8,0.4,1.0,0.867,0.25,0.7,0.7,0.8,0.75,0.5,0.025,0.722
0.2,0,0.2,0,1.0,0,0,0,0.25,0.5,0.375,0.199
0.2,0,0.7,0.2,0,0.1,0.3,0.4,0.25,0,0.15,0.23
1.0,1.0,1.0,0.933,0.25,0.6,0.9,1.0,1.0,0,0.725,0.858
0.8,0.2,1.0,0.4,0.75,0.3,1.0,1.0,1.0,0.5,0,0.696
0.2,0,0.1,0.267,0.5,0.1,0.3,0.4,0.75,0,0.25,0.227
0.6,0,0.2,0.333,0.75,0.5,0.7,0.6,0.25,0.5,0,0.461
0.2,0.2,1.0,0.6,0,0,0.8,0.6,1.0,1.0,0.525,0.421
1.0,0.4,1.0,0.533,0.25,0.6,1.0,0.8,0.5,1.0,0.8,0.773
0.4,0.2,0.8,0.733,0.25,0.2,0.8,0.8,0.5,0,0.325,0.474
0.4,0,0,0,0.25,0.2,0.4,0.2,0.75,0.5,0.95,0.259
0.6,0.8,0.8,0.6,0,0.3,0.9,0.8,0.25,0.5,0.4,0.574
0.4,0,0.3,0,0.75,0.1,0.2,0.2,1.0,0.5,0.775,0.322
0.4,0,0.3,0,1.0,0.1,0.3,0.2,1.0,0.5,0.075,0.341
0.6,0,0.9,0.4,0.25,0.2,0.9,0.6,0.25,0.5,0.475,0.502
0.6,0.6,1.0,0.6,0,0.2,0.5,0.8,1.0,1.0,0.425,0.594
0.2,0,0.4,0.267,0.5,0,0.6,0.4,0,1.0,0.175,0.271
0.4,0,0.7,0,0.25,0.2,0.1,0.2,0.25,1.0,0.85,0.319
0.2,0,0.4,0,1.0,0.1,0.2,0,0,1.0,0.45,0.25
0.8,0.6,1.0,1.0,1.0,0.6,1.0,1.0,1.0,0,0.75,0.834
0.8,0.2,0.4,0.4,1.0,0.7,0.5,0.6,0,0.5,0.1,0.591
0.2,0,0.2,0.133,0.25,0,0.5,0.2,0.25,0.5,0.4,0.194
0.6,0,0.5,0.333,1.0,0.2,0.1,0.4,0.25,0,0.5,0.434
0.2,0,0,0,0.25,0,0.3,0.2,1.0,0,0.875,0.163
0,0,0.4,0,0.5,0,0.2,0,0.75,0.5,0.2,0.147
0,0,0.2,0.133,0.25,0,0.6,0.4,0,1.0,0.925,0.154
0.6,0,0.7,0.2,1.0,0.4,0.5,0.4,0.75,1.0,0.4,0.534
0,0,0.6,0,1.0,0,0.4,0.2,0.75,1.0,0.875,0.255
0.2,0,1.0,0.2,0,0,0.9,0.6,0.25,0,0.975,0.312
0,0,0.3,0,1.0,0,0.5,0.2,0.5,0,0.875,0.185
0.2,0,0.5,0.467,0,0,0.5,0.6,0.75,0.5,0.35,0.286
0.4,0,0.1,0,0,0.2,0.4,0.2,0.5,1.0,0.675,0.253
0.4,0,0.5,0.267,0.75,0.3,0.3,0.4,0.5,1.0,0.35,0.4
0,0,0,0,0.25,0,0.2,0.2,0.25,1.0,0.075,0.083
0,0,0,0,1.0,0,0,0,1.0,0.5,0.1,0.136
0.8,0.4,1.0,0.667,0,0.5,1.0,1.0,1.0,0.5,0,0.699
0,0,0.3,0.133,1.0,0,0.1,0.4,0.25,0.5,0.35,0.185
0.8,0,0.7,0.133,0.5,0.3,0.7,0.6,0.75,1.0,0.05,0.562
0.6,1.0,1.0,1.0,0,0.3,1.0,1.0,0.75,0.5,0.65,0.697
0.6,0,0.6,0.467,0.5,0.4,0.6,0.6,1.0,1.0,0.975,0.543
1.0,0.4,1.0,0.467,1.0,0.9,1.0,1.0,1.0,0,0.4,0.848
0,0,0.5,0,0.25,0,0,0,0.25,1.0,0.525,0.125
0.6,0,1.0,0.8,0.5,0.4,0.9,0.8,0.75,1.0,0.525,0.641
0,0,0.7,0.267,0.75,0,0.4,0.4,0.75,0.5,0.8,0.27
0.6,0.2,0.5,0.267,0,0.2,0.8,0.6,1.0,1.0,0.15,0.471
0.6,0,0.3,0.133,0,0.3,0.3,0.4,1.0,0.5,0.075,0.369
0.2,0,0.2,0.067,0.25,0,0.3,0.4,0.75,0,0.075,0.186
0.2,0,0.2,0.2,1.0,0.1,0.3,0.4,1.0,1.0,0.55,0.314
0,0,0.3,0.333,0.25,0,0.7,0.4,0.75,0,0.95,0.194
0.6,0.4,0.6,0.2,0,0.3,0.9,0.6,0,0.5,0.55,0.456
0.4,0,0.5,0,0.5,0.3,0.5,0.2,0.5,1.0,0.55,0.355
0,0,0,0,0,0,0,0.2,0.75,0.5,0.275,0.058
0,0,0.5,0,0,0,0,0,0,1.0,0.45,0.095
0.2,0,0.3,0,0.5,0.1,0,0,0,0,0.15,0.153
0.4,0,0.4,0,0.5,0.2,0.7,0.4,0.75,1.0,0.3,0.363
0.6,1.0,0.8,0.733,0.5,0.3,1.0,1.0,0.5,0.5,0.725,0.674
0.6,0,1.0,0.2,1.0,0.3,0.9,0.8,0.5,1.0,0.725,0.598
0.8,0,1.0,0.533,1.0,0.3,0.7,0.6,0.75,0,0.85,0.66
0.8,1.0,1.0,0.733,0.75,0.3,1.0,1.0,0.5,0,0.5,0.767
0.6,1.0,1.0,0.6,0,0.4,0.9,1.0,0.5,0,0.275,0.627
0.2,0.2,0.5,0.4,0.75,0,0.4,0.6,0.75,0.5,0.85,0.354
0,0,0.2,0,0.75,0,0,0,0,0.5,0.225,0.101
0,0,0,0,0,0,0.1,0,1.0,1.0,0.15,0.077
1.0,1.0,0.7,1.0,0,0.9,0.9,1.0,0.5,0.5,0.175,0.826
1.0,0.8,1.0,1.0,0.75,0.7,1.0,1.0,0.75,0.5,0.05,0.902
0,0,0,0,0.25,0,0,0,0.5,0,0.525,0.045
0.6,0.6,0.5,0.6,0.5,0.5,0.8,0.8,0.75,0.5,0.775,0.598
0,0,0,0.2,0.75,0,0,0,0.75,0.5,0.825,0.135
0.4,0,0,0,0,0.1,0.2,0.2,1.0,1.0,0.9,0.242
0,0,0.3,0.067,0.25,0,0.4,0.4,0.25,1.0,0.35,0.151
1.0,0.8,0.9,1.0,1.0,0.7,0.7,0.8,0.5,0.5,0.275,0.875
0.8,0.8,1.0,0.8,0.25,0.3,1.0,1.0,0,0,0.35,0.697
0.6,0,0.8,0.267,1.0,0.2,0.3,0.4,0.75,0.5,0.375,0.508
0.6,0,0.3,0.4,0.5,0.4,0.4,0.6,0.25,0.5,0,0.433
0.4,0,0.4,0.733,1.0,0.3,0.5,0.8,0.75,1.0,0.4,0.502
0,0,0.6,0.067,0.25,0,0.3,0.4,0.5,0,0.7,0.164
0,0,0.2,0,0.25,0,0,0,0.75,0,0.975,0.084
0.2,0,0.9,0.4,1.0,0,0.7,0.6,0.5,0,0.1,0.391
0.8,0,0.6,0.933,0,0.4,0.5,0.8,1.0,0,0.25,0.587
0.2,0,0.8,0.333,1.0,0,0.4,0.4,0.25,1.0,0.425,0.367
0.8,0.2,0.4,0.533,1.0,0.3,0.5,0.6,0.25,0,0.275,0.566
0.2,0,0.7,0.467,0.5,0.1,0.3,0.6,0.25,1.0,0.775,0.346
0.8,0.4,0.4,0.467,0,0.4,0.9,0.6,1.0,0,0.65,0.562
0.2,0,0,0,1.0,0.1,0.5,0.2,0.75,0,0.725,0.232
0.4,0.4,0.7,0.6,0.5,0.1,0.8,0.8,1.0,0.5,0.5,0.511
0,0,0,0,0,0,0.2,0.2,0,0.5,0.35,0.041
0.2,0.2,0.6,0.133,1.0,0,0.6,0.6,1.0,1.0,0.825,0.393
0.2,0,0.2,0.133,0.75,0.1,0,0,1.0,0.5,0.5,0.234
0,0,0.1,0,0.5,0,0,0,0.5,0.5,0.675,0.094
0.4,0,0.1,0,0,0.2,0.1,0.2,0.75,1.0,0,0.238
0.2,0,0.4,0,0.5,0,0.3,0,0.75,0.5,0.45,0.221
0.4,0,0.8,0.667,0.5,0.2,0.9,0.8,0.25,0.5,0.6,0.484
0.4,0,0.2,0.333,0.5,0.1,0.6,0.4,0,0.5,0.15,0.314
0.2,0,0,0,0.75,0,0,0,1.0,0,0.075,0.167
0.8,0,0.9,0.267,0.25,0.4,0.3,0.6,0,1.0,0.45,0.54
0.2,0,0.3,0.267,1.0,0,0.5,0.4,0,1.0,0.425,0.296
0.8,0,1.0,0.533,0.5,0.3,1.0,0.8,0.75,0,0.575,0.645
0.8,1.0,0.9,0.467,0.5,0.5,0.9,1.0,0.75,1.0,0.475,0.757
0.4,0,0.7,0.533,0.5,0.3,0.9,0.6,1.0,0,0.925,0.475
1.0,0.2,1.0,0.333,1.0,0.4,1.0,1.0,0.75,0.5,0.2,0.776
0.8,0,0.3,0.067,0.25,0.5,0.3,0.6,0.5,0.5,0.9,0.464
0,0,0.6,0.067,0,0,0.1,0.2,0,0.5,0.3,0.113
0.6,0,0.7,0.267,0.25,0.4,0.7,0.4,1.0,1.0,0.875,0.508
0.2,0,0,0,0.5,0,0.4,0.4,0,0,0.675,0.157
0.2,0,0.5,0.133,0.5,0.1,0,0.2,0.5,0,0.075,0.22
0.8,1.0,0.7,0.733,1.0,0.7,0.9,1.0,1.0,0.5,0.9,0.82
0.4,0,0.2,0.133,0,0.3,0.2,0.2,0.5,0,0.575,0.245
0.4,0,0.1,0.133,1.0,0.2,0.5,0.2,0.75,0,0.675,0.333
0.4,0,0.1,0,0,0.1,0.4,0.2,0,0,0.825,0.195
1.0,1.0,0.7,0.867,0,0.4,1.0,1.0,0.25,1.0,0.425,0.78
1.0,0.4,0.4,0.267,0,0.5,0.8,0.8,0,0,0.55,0.578
0.2,0,0.9,0.133,0.25,0.1,0.8,0.6,0.25,1.0,0.625,0.342
1.0,0.8,1.0,1.0,0,0.9,0.8,1.0,1.0,0,0.5,0.848
0.6,0,0.4,0.6,0.5,0.5,0.6,0.6,0.75,0,0.95,0.502
0.6,1.0,1.0,1.0,0,0.5,1.0,1.0,1.0,1.0,0.925,0.742
0.4,0,0.9,0.2,1.0,0.1,0.8,0.6,0.75,1.0,0.075,0.49
0,0,0.3,0,1.0,0,0,0,1.0,0.5,0.275,0.174
0.6,0.8,0.6,0.667,0.75,0.4,1.0,1.0,0.5,0.5,0.425,0.653
0.4,0,0.5,0.067,1.0,0.1,0.1,0.2,0.5,1.0,0.35,0.358
1.0,0,1.0,0.267,0,0.7,1.0,0.8,1.0,0.5,0.3,0.7
0,0,0.3,0,0.75,0,0,0,0.5,1.0,0.4,0.15
0.4,0,0,0,1.0,0.2,0.2,0.2,0.25,1.0,0.725,0.299
0.6,0,0.4,0.267,1.0,0.5,0.6,0.4,0,1.0,0.45,0.491
0.2,0,0.2,0.333,1.0,0,0.4,0.6,0,1.0,0.85,0.299
0.2,0,0.3,0.333,0.75,0.1,0.6,0.4,0.5,0,0.95,0.293
0.4,0,0.8,0.2,1.0,0.2,0.7,0.4,0.75,0.5,0.05,0.456
0.6,1.0,0.6,0.867,1.0,0.2,1.0,1.0,0.25,0,0.25,0.666
0.4,0.4,0.4,0.8,0.25,0.2,1.0,0.8,0,1.0,0.8,0.476
0,0,0.7,0,0.5,0,0.4,0.2,0.75,0.5,0.15,0.205
0,0,0.3,0,0.25,0,0,0,1.0,0,0.925,0.105
0,0,0,0.2,0.75,0,0,0.2,0.25,0.5,0.425,0.121
0.2,0,0,0,1.0,0.1,0.3,0.2,0.5,1.0,0.775,0.241
0,0,0.2,0,0.5,0,0,0,0,0.5,0.625,0.085
0,0,0.4,0.133,1.0,0,0.5,0.2,1.0,0,1.0,0.233
0.8,0.2,0.7,0.267,0.25,0.3,0.4,0.6,0.75,0,0.175,0.526
0.8,0.6,1.0,1.0,0.25,0.4,0.8,1.0,0.25,0,0.475,0.711
0.2,0,0.4,0.133,0.75,0.1,0.5,0.2,0.25,0,0.575,0.253
1.0,0.8,1.0,0.267,0,0.7,1.0,1.0,0.25,1.0,0.2,0.758
0.2,0,0.4,0.4,0,0.1,0.3,0.6,0.5,0.5,0.075,0.251
0,0,0,0,0,0,0.3,0.2,0.5,0.5,0.725,0.07
0.6,0,0.8,0.2,0.5,0.4,0.5,0.4,1.0,1.0,1.0,0.522
0.4,0.2,0.7,0.667,0.25,0.3,1.0,0.8,0.5,0.5,0.475,0.492
0.8,0,0.8,0.533,0,0.3,0.6,0.6,1.0,0,1.0,0.562
0.8,1.0,0.6,0.867,0.5,0.5,1.0,1.0,0,1.0,0.775,0.744
0,0,0,0.067,0.5,0,0.4,0.2,0.75,1.0,0.125,0.143
0.2,0,0,0,0.25,0.1,0,0,0,0.5,0.025,0.11
0.2,0,0.7,0.2,0,0.1,0.6,0.4,0.5,0.5,0.175,0.274
0.2,0,0.5,0.4,0.25,0.1,0.9,0.6,1.0,1.0,0,0.353
0.4,0,0.5,0,0,0.2,0,0.2,0.25,1.0,0.075,0.261
0.2,0,0.5,0,0,0.1,0,0.2,0,1.0,0.95,0.185
0.2,0,0.5,0,0.5,0,0.1,0.2,0.75,0.5,0.125,0.228
0,0,0.1,0,0.75,0,0.3,0,0,0,0.1,0.091
1.0,0.2,1.0,0.8,0.5,0.7,0.6,0.8,0.25,0,0.7,0.75
0.6,0.8,1.0,1.0,0,0.3,1.0,1.0,0.5,0.5,0.725,0.671
0.4,0,0.8,0.267,0.5,0.3,0.4,0.4,0.5,1.0,0.775,0.426
0.6,0,0.8,0,0,0.3,0.2,0.4,0.75,1.0,0.1,0.414
0,0,0.3,0.267,1.0,0,0.2,0.4,0.5,0,0.75,0.205
0.8,0.6,1.0,0.333,0.5,0.6,1.0,1.0,0.75,1.0,0.125,0.734
1.0,1.0,1.0,1.0,0.5,0.5,1.0,1.0,0.75,1.0,0.225,0.897
0,0,0.5,0,0.5,0,0,0,0,0.5,0.775,0.123
0.4,0,0.2,0.133,1.0,0.1,0.3,0.2,0.75,1.0,0.625,0.354
1.0,0.2,1.0,1.0,1.0,0.7,1.0,1.0,1.0,0,0.925,0.878
0.8,0.4,0.7,0.867,0.5,0.6,1.0,0.8,0.75,1.0,0.45,0.734
0,0,0.1,0,0.75,0,0.3,0,0.25,0.5,0.975,0.125
0.2,0.4,0.7,0.4,1.0,0.1,0.8,0.6,0.75,1.0,0.075,0.454
0.8,0.4,0.8,1.0,1.0,0.3,1.0,1.0,0,1.0,0.925,0.758
0.2,0,0.7,0,0.25,0.1,0.4,0.2,1.0,0,0.825,0.261
0.8,0,0.8,0.467,1.0,0.5,0.3,0.6,0.75,0,0.875,0.623
0,0,0,0.133,0.75,0,0,0.2,0.25,0,0.275,0.097
0.6,0,0.4,0,0.5,0.3,0.1,0.4,1.0,0.5,0.1,0.395
0,0,0,0,0.5,0,0.1,0,0.75,0,0.55,0.082
0.4,0.2,0.7,0.533,0.25,0.1,0.6,0.6,0.75,0.5,0.65,0.437
0.6,1.0,1.0,1.0,0,0.3,0.9,1.0,0,1.0,0.85,0.678
0,0,0.1,0.333,1.0,0,0.5,0.4,0,0,0.15,0.18
0.8,0,0.8,0.333,0.25,0.5,0.4,0.6,0.25,0.5,0.45,0.545
0,0,0.1,0.067,0.25,0,0.5,0.2,0,0.5,0.325,0.098
0.8,0.2,0.6,0.133,0.75,0.7,1.0,0.8,0.5,0.5,0.775,0.632
0.4,0,0.3,0.067,0.75,0.2,0.5,0.2,0.5,0.5,0.1,0.329
0.6,1.0,1.0,0.667,0.75,0.3,1.0,1.0,0,0.5,0.875,0.692
0.8,0,0.6,0.267,0.75,0.5,1.0,0.8,0.25,0.5,0.95,0.605
0.4,0.6,0.4,0.6,0.75,0.2,1.0,0.8,0,1.0,0.8,0.51
0.2,0,0.3,0.333,0,0.1,0.3,0.4,0.25,0,0.325,0.199
1.0,0.4,1.0,0.4,0,0.5,0.9,0.8,0,1.0,0.575,0.701
0.4,0,0.3,0,0,0.3,0,0.2,0.25,1.0,0.175,0.247
0.6,0,0.4,0.267,0.5,0.4,0.3,0.4,0.5,0,0.25,0.412
0.8,0.2,0.5,0.6,1.0,0.3,1.0,0.8,0.5,1.0,0.625,0.669
0.8,0.6,1.0,0.467,0,0.5,1.0,0.8,0.5,1.0,0.625,0.685
0.2,0,0.1,0.267,0.5,0,0.6,0.4,1.0,0.5,1.0,0.268
1.0,0.4,1.0,0.6,1.0,0.8,0.8,0.8,1.0,1.0,0.725,0.865
0.6,0,0.5,0.267,0.5,0.2,0.9,0.6,0,0,0.725,0.437
0.6,0,0.7,0,0.25,0.3,0.2,0.4,0.75,1.0,0.2,0.423
0,0,0,0,1.0,0,0.2,0,1.0,0,0.55,0.138
0,0,0.5,0.267,0.25,0,0.2,0.4,0.5,1.0,0.6,0.197
1.0,1.0,0.7,0.467,1.0,0.4,1.0,1.0,1.0,0,0.95,0.821
0.4,0,0.1,0.2,0.5,0.3,0,0.2,0,1.0,0.525,0.278
0.8,0.2,1.0,0.333,1.0,0.6,0.7,0.6,1.0,1.0,0.85,0.721
0.2,0,0.1,0.2,0.25,0.1,0.6,0.4,0.5,0.5,0.275,0.223
0.6,0.4,1.0,0.2,0,0.5,0.8,0.6,0.25,0.5,0.1,0.521
0,0,0,0,0,0,0,0,0.25,0,0.3,0.013
0,0,0.5,0,1.0,0,0,0,1.0,0.5,0.775,0.203
0.6,0.4,1.0,0.533,0,0.5,1.0,1.0,0.5,0,0.8,0.592
0.6,0.6,0.8,0.8,1.0,0.5,1.0,1.0,0.75,0,0.425,0.699
0.4,0,1.0,0.4,0.25,0.3,1.0,0.8,1.0,0.5,0.3,0.501
0.2,0,0.1,0,0.75,0,0.1,0.2,0.75,0,0.95,0.194
0.4,0,0.7,0.067,0.25,0.1,0.3,0.2,0.25,1.0,0.3,0.323
0.6,1.0,1.0,1.0,0.5,0.4,1.0,1.0,0.75,0.5,0.725,0.746
0.4,0,0.7,0.333,0.5,0.2,0.5,0.4,0,0.5,0.5,0.381
0.2,0,0.5,0,0.5,0.1,0,0,0.5,1.0,0.35,0.229
0.6,0,0.2,0,1.0,0.2,0.2,0.4,1.0,0,0.525,0.397
0.6,0.6,0.4,0.267,0,0.3,1.0,0.8,0.5,0,0.375,0.474
0,0,0.2,0,0.25,0,0.4,0.2,0,0.5,0,0.093
0.2,0.2,1.0,0.4,0.75,0,0.3,0.6,0.75,0.5,1.0,0.409
0.8,0.6,1.0,0.733,0.25,0.3,1.0,1.0,0,0,0.9,0.679
0,0,0,0.267,0.5,0,0.3,0.2,0.5,0.5,0.875,0.141
0.8,0,0.7,0.333,1.0,0.7,0.5,0.6,0,1.0,0.125,0.619
1.0,0.2,0.9,0.867,0.75,0.7,0.7,1.0,0,0,0.825,0.773
0,0,0.2,0,0.25,0,0,0.2,0,1.0,0.3,0.087
0.2,0,0,0,0,0,0.1,0.2,0,0.5,0.925,0.106
0,0,0.1,0.067,0.75,0,0.5,0.4,0.25,0,0.4,0.143
0.6,0,1.0,0.6,0.5,0.4,0.9,0.6,0.5,0.5,0.05,0.58
0.6,0,0.9,0,0,0.3,0.3,0.4,0.25,0,0.5,0.386
0.6,0.2,0.7,0.4,0.5,0.3,0.9,0.6,0.75,0,0.45,0.527
0.4,0,1.0,0.4,0.5,0.1,0.3,0.6,0.5,1.0,0.25,0.446
0.2,0,0.4,0.067,1.0,0,0.4,0.4,0.25,0,0.7,0.262
0.8,0,0.6,0.733,0.75,0.7,0.9,0.8,0.25,0,0.025,0.644
0.2,0,0.6,0.333,0.5,0,0.6,0.4,0.5,0,0.975,0.3
0,0,0.2,0,0.75,0,0.2,0,1.0,0.5,0.725,0.158
0.4,0,0.3,0,0,0.3,0.4,0.2,0.25,1.0,0.575,0.275
0,0,0.5,0.067,0,0,0,0.2,0,0.5,0.625,0.099
0.6,0.6,1.0,0.733,0.75,0.2,1.0,0.8,0.25,0.5,0.725,0.657
0,0,0.4,0,1.0,0,0.1,0,1.0,0.5,0.975,0.199
0.6,0.2,0.7,0.333,0,0.2,0.6,0.6,0,1.0,0.1,0.45
0.2,0,0.6,0,0.25,0.1,0,0.2,0.25,0,0.375,0.191
0,0,0.1,0.133,0,0,0.3,0.2,1.0,0.5,0.7,0.117
0,0,0.4,0,0.75,0,0.2,0,1.0,0,0.775,0.168
0.6,0.4,0.9,0.533,1.0,0.3,0.9,1.0,0.75,0.5,0.9,0.662
0,0,0.2,0,0,0,0.3,0,0.25,0,0.075,0.053
0.2,0,0.5,0.667,0,0.1,0.3,0.6,0.25,1.0,0.6,0.302
0,0,0,0,0.25,0,0,0,0,0,0.275,0.023
1.0,0.8,0.8,0.867,0.25,0.5,1.0,1.0,1.0,0.5,0.35,0.819
0.4,0,1.0,0.467,0,0.3,0.5,0.6,0.25,0,0.075,0.401
0.6,0.2,1.0,0.4,0.5,0.2,0.6,0.6,0,0.5,0.125,0.518
0.4,0,0.9,0.867,0.75,0.1,0.7,0.8,1.0,0,0.025,0.527
0.2,0,0.1,0.133,0.25,0.1,0.5,0.4,0.5,0.5,0.825,0.215
0.6,0,0.7,0.267,0,0.2,0.4,0.4,1.0,0.5,0.575,0.434
0,0,0,0,0,0,0,0.2,0.75,1.0,0.25,0.073
0.2,0,0,0,0.25,0.1,0,0,0.75,0.5,0.925,0.149
1.0,1.0,1.0,1.0,0.75,0.4,0.8,1.0,0,1.0,0,0.864
0.6,0,0.9,0.333,0,0.4,0.1,0.4,1.0,0,0.425,0.449
0,0,0.4,0.133,0.5,0,0,0,0.75,0,0.525,0.138
0.2,0,1.0,0.267,0.5,0,0.4,0.6,0.25,0.5,0.9,0.343
0,0,0.4,0.133,0,0,0.2,0.2,0,1.0,0.05,0.115
1.0,0.2,0.9,0.4,1.0,0.5,0.8,0.8,1.0,0.5,0.925,0.775
0.4,0.2,0.8,0.267,0.25,0.1,0.9,0.6,0.5,0,0.325,0.41
0.6,0.4,1.0,0.533,0.75,0.5,1.0,1.0,0.5,0,0.1,0.645
0.6,1.0,0.6,0.533,0.75,0.2,1.0,1.0,0,1.0,0.05,0.627
0.6,0,0.1,0.2,0,0.2,0.4,0.4,0.75,0,0.875,0.333
0.4,0.8,0.5,0.667,0.25,0.2,1.0,0.8,0.5,0.5,0.975,0.512
0.8,0,0.6,0.533,1.0,0.7,0.7,0.8,0,1.0,0.625,0.656
0.6,0.6,0.7,0.733,0.75,0.2,1.0,0.8,0.25,0.5,0.075,0.614
0.4,0,0.8,0.267,0.5,0.2,0.8,0.8,0.75,0.5,0.75,0.456
0,0,0,0,1.0,0,0,0,0.75,0.5,0.575,0.131
0.2,0,1.0,0.333,0.25,0.1,0.3,0.6,0,0,0.1,0.301
1.0,1.0,1.0,1.0,1.0,0.5,1.0,1.0,1.0,1.0,0.875,0.954
1.0,0.4,0.8,0.467,0.25,0.7,1.0,1.0,1.0,0,0.95,0.752
0.2,0,0,0,1.0,0,0,0.2,1.0,1.0,0.4,0.23
1.0,0.6,1.0,0.4,0.5,0.9,0.9,0.8,1.0,1.0,0.075,0.828
0.2,0,0.2,0,0.5,0,0.3,0.4,0.75,1.0,0.7,0.235
0,0,0.2,0.067,0.5,0,0.2,0,0.75,0,0.45,0.118
0,0,0.3,0.2,0.25,0,0.6,0.4,0.5,1.0,0.9,0.193
1.0,0.6,1.0,1.0,0.5,0.9,1.0,1.0,0,0.5,0.05,0.854
0.6,0,1.0,0.533,0,0.5,0.6,0.8,1.0,0,0.875,0.546
0.6,0,0.7,0.267,0.75,0.2,0.5,0.4,0,1.0,0.05,0.47
0,0,0,0.2,0.25,0,0.1,0,0,1.0,0,0.078
0.2,0,0.2,0,0.75,0,0.3,0.2,0.5,0.5,0.25,0.215
1.0,1.0,0.8,0.267,0.75,0.9,0.8,1.0,0.5,0,0.025,0.795
0.6,0.2,1.0,0.6,0.75,0.4,0.9,0.8,0.5,0.5,0.35,0.629
0.2,0,0.7,0.267,0,0,0.5,0.4,0.5,0.5,0.225,0.267
0.2,0,0.5,0.267,0.25,0.1,0.4,0.2,0.25,0,0.725,0.236
0,0,0,0,0,0,0.5,0.2,0,0.5,0,0.055
0.6,0.4,1.0,0.2,0.5,0.3,0.8,1.0,0.5,0,0.075,0.558
0.8,0.6,0.9,0.533,1.0,0.3,1.0,1.0,0.5,0,0.6,0.722
1.0,0.2,0.6,1.0,0.75,0.5,1.0,1.0,0,1.0,0.75,0.781
0.4,0,0,0,0.5,0.1,0.2,0.2,0.25,0.5,0.825,0.236
0.4,0,0.2,0,0.5,0.2,0.2,0.4,0.75,0.5,0.275,0.294
1.0,0,0.5,0.467,0.75,0.9,0.5,0.8,0.75,1.0,0.925,0.722
1.0,0,1.0,0.667,1.0,0.4,0.5,0.8,1.0,0.5,1.0,0.774
0,0,0,0,0.5,0,0,0,0.75,0.5,0.225,0.087
0.4,0,0.7,0,0.5,0.2,0.4,0.2,0.5,0,0.25,0.331
0.6,0,0.5,0.267,0.5,0.3,1.0,0.8,0,0.5,0.825,0.478
0,0,0.2,0,0.5,0,0.2,0.2,0.75,0,0.55,0.121
0.2,0,0.3,0,1.0,0,0.4,0.2,0.5,0.5,0.525,0.256
0.2,0,0,0,0.25,0.1,0.2,0,0.25,0,0.7,0.124
0.2,0,0,0,0.25,0.1,0,0,0.25,1.0,0.85,0.144
0.2,0,0.5,0.067,0.25,0,0.2,0.4,0.5,0.5,0.7,0.227
0.4,0,0.8,0.133,0,0.2,0.4,0.4,0,1.0,0.65,0.341
0.2,0,0.3,0.2,0.25,0,0.4,0.2,0,0,0.025,0.178
0.8,0.4,0.4,0.333,0.25,0.4,0.6,0.8,0.5,1.0,0.825,0.571
0,0,0,0.067,0,0,0,0,0.75,0.5,0.4,0.056
0.6,0.8,0.9,1.0,1.0,0.5,0.8,1.0,0.25,0,0.925,0.722
0,0,0.1,0,0.75,0,0.2,0,0,0.5,0.05,0.099
0.4,0,0.4,0.2,1.0,0.2,0.5,0.2,0.25,0,0.35,0.353
1.0,0.8,1.0,0.933,0,0.9,0.7,1.0,0.5,1.0,0.825,0.848
0.2,0,0,0,0.5,0.1,0,0,0.5,0.5,0.2,0.152
0.4,0.2,0.7,0.267,0.75,0.1,0.8,0.8,0.75,1.0,0.875,0.487
0,0,0,0.067,0,0,0,0,0.25,0.5,0.25,0.035
1.0,0.8,0.5,0.6,0,0.7,0.6,0.8,0.25,1.0,0.825,0.707
0,0,0.4,0,0.75,0,0.3,0,0,1.0,0.25,0.159
0.6,0.6,1.0,0.667,1.0,0.3,1.0,0.8,0,1.0,0.35,0.68
0.2,0,0.3,0.6,0.75,0.1,0.5,0.6,0.25,0.5,0.9,0.331
0.6,1.0,1.0,0.533,0.25,0.5,1.0,1.0,1.0,0.5,0.725,0.694
1.0,0.2,1.0,0.867,0.25,0.6,0.6,0.8,1.0,1.0,0.975,0.791
0.2,0,0.3,0.133,0,0.1,0.7,0.4,0.5,1.0,0.8,0.246
0,0,0.1,0.067,1.0,0,0.5,0.4,1.0,0,0.5,0.194
0.2,0,0.6,0.067,0,0.1,0.6,0.4,0.25,0.5,0.775,0.243
0,0,0.5,0.133,0.5,0,0.4,0.4,0,0.5,0.425,0.178
0.2,0,0,0,0.5,0,0,0,0.75,0.5,0.975,0.161
0.2,0.4,0.9,0.267,1.0,0.1,0.5,0.6,0.75,0,0.55,0.42
0.2,0,0.4,0,0.5,0,0,0,0,0,0.35,0.158
0.8,0.4,0.8,0.4,0,0.3,1.0,1.0,1.0,0.5,0,0.628
0.4,0,1.0,0.333,1.0,0.1,0.4,0.6,0,1.0,0.175,0.463
1.0,0,0.6,0.4,0.75,0.5,0.8,0.8,0,0.5,0.975,0.664
0.6,0,0.9,0.267,0.5,0.3,0.8,0.6,0,0,1.0,0.49
0,0,0.2,0,0,0,0.1,0.2,0.5,0,0.35,0.064
0,0,0.4,0,0.5,0,0.3,0.2,0.75,0,0.25,0.148
0.8,0.2,1.0,0.467,0,0.3,0.8,0.8,0,0,0.825,0.575
0.4,0.8,0.9,0.733,0.25,0.1,1.0,0.8,0.5,0,0.225,0.536
0,0,0,0,0.25,0,0,0,1.0,0.5,0.35,0.079
0.4,0,0.9,0.267,0,0.3,0.2,0.4,1.0,1.0,0.9,0.407
1.0,0.2,1.0,0.6,1.0,0.4,1.0,1.0,1.0,1.0,0.275,0.831
0,0,0.7,0,0.5,0,0.3,0.2,0.5,1.0,0.95,0.211
0.2,0,0.2,0.133,0.5,0,0.4,0.4,0.25,0,0.9,0.208
0.6,0.4,1.0,1.0,0,0.5,0.9,1.0,0.5,0,0.55,0.635
0,0,0.9,0.133,0.75,0,0.2,0.4,0.75,0.5,0.45,0.264
0.4,0,0.9,0.533,0.25,0.3,0.6,0.6,0,1.0,0.275,0.444
0.6,1.0,1.0,0.867,0.75,0.2,0.7,1.0,0.75,1.0,0.85,0.732
0.4,0.8,1.0,0.8,0.5,0.1,0.7,0.8,0.5,0,0.25,0.557
0,0,0.3,0,0.25,0,0,0,1.0,0,1.0,0.106
0.6,0.6,1.0,0.2,0,0.5,0.8,0.8,0.5,0.5,0.875,0.565
0.8,0.8,1.0,0.867,0.75,0.5,0.7,1.0,0.75,0,0.475,0.775
0,0,0.4,0.267,1.0,0,0.7,0.4,0,1.0,0.475,0.254
0.2,0,1.0,0.2,1.0,0.1,0.4,0.6,0.75,0.5,0.675,0.403
0,0,0.3,0,0.5,0,0,0.2,0.75,0,0.75,0.123
0,0,0.3,0,0.75,0,0.1,0,0,0.5,0.35,0.121
0.6,0,0.5,0.4,1.0,0.5,0.7,0.6,1.0,1.0,0.5,0.574
1.0,0,0.5,0.333,0.5,0.8,1.0,0.8,1.0,0,0.775,0.686
0,0,0.5,0,1.0,0,0.1,0,1.0,1.0,0.925,0.225
1.0,0,1.0,1.0,0.5,0.8,0.5,0.8,1.0,0.5,0.375,0.801
0.6,0.8,0.4,0.6,0.75,0.4,0.5,0.8,1.0,0,0.625,0.588
0.8,0.4,1.0,0.467,0.5,0.4,1.0,1.0,0,0.5,0.475,0.673
0,0,0,0,1.0,0,0.3,0,0.25,0,0.625,0.114
0.2,0,0.1,0,0,0.1,0.2,0.2,0.5,0,0.6,0.135
0.4,0,0.6,0.6,0.25,0.3,0.9,0.8,0.5,0,0.85,0.44
0.2,0,0.8,0.133,0.75,0.1,0.3,0.4,0.5,0,0.6,0.31
0.2,0,0,0.067,1.0,0.1,0,0,0,0,0.95,0.172
1.0,0.6,0.6,1.0,0.25,0.9,0.7,0.8,0.25,0,0.3,0.756
0.6,0,0.7,0.333,0,0.2,0.4,0.6,1.0,1.0,0.875,0.469
0.4,0,1.0,0.533,0.5,0.1,0.8,0.6,0.25,0.5,0.85,0.471
0.2,0,0.3,0.467,0.5,0.1,0.5,0.6,0,0,0.25,0.265
0.2,0,0.1,0.2,0,0,0.5,0.2,0.25,0.5,0.075,0.166
0.8,0,0.7,0.267,0.5,0.4,0.4,0.6,0.5,0.5,0.9,0.551
1.0,1.0,0.9,0.667,0.5,0.5,1.0,1.0,0.75,1.0,0.575,0.852
0,0,0.1,0,0.75,0,0.2,0,1.0,0.5,0.875,0.148
0,0,0.5,0.067,1.0,0,0,0,0.25,0,0.925,0.167
0.4,0,0,0.267,1.0,0.1,0.1,0.4,0,1.0,0.075,0.307
1.0,0.8,0.9,0.667,0.5,0.4,0.7,1.0,0,0.5,1.0,0.768
0.4,0,0.4,0.333,0.75,0.2,0.7,0.4,0.75,0,0.275,0.389
0,0,0.6,0,1.0,0,0.3,0.2,0.75,0,0.875,0.219
0.4,0,0,0.133,1.0,0.1,0.1,0.2,0.5,1.0,0.025,0.302
0.6,0,0.6,0.667,1.0,0.5,0.6,0.8,1.0,1.0,0.6,0.62
0.4,0,0,0,0,0.2,0.4,0.2,0.5,1.0,0.35,0.237
0,0,0,0,1.0,0,0.2,0,0.75,0,0,0.122
1.0,0.4,1.0,1.0,0.5,0.5,1.0,1.0,0.5,0.5,0.4,0.826
0.2,0,0,0,0.25,0.1,0.1,0,0.25,0,0.525,0.116
1.0,0,1.0,0.8,0,0.7,0.5,0.8,0.25,0,0.375,0.685
0.2,0,0,0,0,0.1,0,0,0,1.0,0.45,0.11
1.0,1.0,1.0,0.867,0.5,0.7,1.0,1.0,0.25,1.0,0.25,0.881
0,0,0.3,0.067,0,0,0.3,0.4,0.25,0.5,0.9,0.115
1.0,0.6,0.9,0.267,0,0.5,0.6,0.8,0.5,1.0,0.625,0.693
1.0,1.0,1.0,0.667,0,0.7,0.7,1.0,0,0,0.35,0.762
0.2,0.4,1.0,0.267,0.25,0.1,0.4,0.6,0.25,0.5,0.525,0.361
0.4,0.4,0.5,0.267,0.75,0.3,0.3,0.6,0.5,0,0.925,0.418
0.2,0,0.6,0.6,0.25,0.1,0.7,0.6,0.5,1.0,0.875,0.364
0.2,0,0.2,0.2,0.75,0.1,0.9,0.6,0.75,0.5,0.1,0.311
0,0,0.1,0,1.0,0,0.3,0,0.25,1.0,0.65,0.157
0,0,0.6,0,0,0,0.7,0.4,1.0,1.0,0.475,0.209
0.6,0.8,1.0,0.6,0,0.5,0.8,1.0,0.75,0,0.575,0.627
0.2,0,0.2,0.067,0.25,0.1,0.5,0.2,0.25,1.0,0.675,0.213
0.4,0,0.6,0,0.25,0.3,0.3,0.2,0.75,0.5,0.025,0.324
0.8,0,0.6,0.8,0.25,0.6,0.5,0.8,0.5,1.0,0.775,0.626
0,0,0,0,0,0,0,0,0.75,0,1.0,0.04
0.4,0,0.9,0.133,0.25,0.1,0.1,0.4,0.75,0,0.75,0.347
0.2,0,0.4,0,1.0,0.1,0.1,0.2,0,0,1.0,0.229
0.2,0,0.4,0.267,0.25,0,0.3,0.4,0,0,0.575,0.207
0.4,0.2,1.0,0.533,0,0.3,1.0,0.8,0.5,0.5,0.3,0.492
0.2,0,0.6,0,0.5,0,0,0.2,0,1.0,0,0.218
0.8,0.6,1.0,0.533,0,0.5,1.0,1.0,0.5,0,0.375,0.669
0.6,0,1.0,0.6,0,0.3,0.5,0.8,0.5,0.5,0.725,0.523
0.2,0,0.3,0,0.75,0,0.2,0,0,0,0.825,0.182
0,0,0,0.067,1.0,0,0.2,0.2,0,1.0,0.425,0.144
0.4,0,0.6,0,0,0.3,0.2,0.2,0.5,1.0,0.6,0.309
0.2,0,0,0.067,1.0,0,0,0.2,0.25,0.5,0.6,0.194
0.2,0,0.1,0.067,0.5,0,0.7,0.4,0.75,1.0,0.875,0.256
0.4,0,0.2,0.133,0,0.3,0.1,0.4,0.75,0.5,0.875,0.277
1.0,0.2,1.0,0.467,0,0.4,1.0,1.0,0.5,0.5,0,0.698
0,0,0.2,0.067,0.5,0,0.5,0.4,0,0.5,0.45,0.141
0.6,0,0.7,0.133,0.5,0.2,0.3,0.4,0.5,1.0,0.05,0.443
0.4,0,0,0,1.0,0.2,0.5,0.2,0.25,1.0,0.45,0.315
0.2,0,0.6,0.133,1.0,0.1,0.1,0.4,0.25,1.0,0.8,0.316
1.0,1.0,1.0,0.867,0.75,0.6,0.7,1.0,0.5,0.5,0.575,0.872
0.4,0,0.5,0,1.0,0.2,0.2,0.2,0,0.5,0.425,0.331
0.8,0.6,1.0,0.133,1.0,0.5,0.6,0.8,0.75,0,0.65,0.684
0,0,0.4,0,0.75,0,0.1,0,0.5,1.0,0.825,0.172
0,0,0,0,0.25,0,0.4,0.2,0.25,0,0.625,0.07
1.0,1.0,0.6,1.0,1.0,0.4,0.9,1.0,0.75,1.0,0.95,0.882
0.6,0,0.8,0.133,0,0.2,0.1,0.4,0.25,0,0.825,0.371
0.4,0.2,0.9,0.333,0.25,0.2,0.8,0.6,0.25,1.0,0.425,0.453
0.2,0,0,0,1.0,0.1,0,0,1.0,0.5,0.675,0.217
0.8,0.2,1.0,0.2,0.25,0.4,0.3,0.6,0.5,0.5,0.25,0.564
0.2,0,0,0,0.75,0,0,0,0.25,1.0,0.4,0.17
0.4,0,0.9,0.333,0,0.3,0.2,0.4,1.0,0.5,0.175,0.392
0.6,0,0.3,0.067,0,0.4,0.7,0.4,0.25,0.5,0.8,0.372
0.4,0.8,0.4,0.733,0.5,0.2,1.0,0.8,0.75,1.0,0.675,0.549
0.6,0.8,1.0,0.533,0,0.3,0.7,0.8,0.75,0.5,0.775,0.602
0.6,0.8,0.6,0.533,0.75,0.3,0.7,1.0,1.0,0.5,0.775,0.634
0.6,0.4,1.0,1.0,0.25,0.2,0.9,1.0,0.25,0,0.925,0.621
0,0,0.3,0,0.25,0,0.4,0.2,0.25,0.5,0,0.115
1.0,0.8,0.9,0.467,0.5,0.7,0.9,1.0,0.75,0.5,0.7,0.812
0.6,1.0,0.8,0.4,0.75,0.2,1.0,1.0,0,1.0,0,0.636
0.8,0,1.0,0.333,0.25,0.7,0.3,0.6,0.75,0.5,0.1,0.598
0,0,0,0,0.25,0,0,0,1.0,0,0.225,0.062
0,0,0,0,0,0,0.3,0,0,0,0.5,0.023
0.2,0,0.2,0.267,0,0.1,0.6,0.4,0.5,1.0,0.45,0.239
0.2,0,0.3,0.333,0.5,0,0.2,0.4,1.0,0,0.325,0.254
0,0,0.4,0,0.25,0,0,0,0.75,0,0.175,0.1
0.8,0.6,0.7,0.533,0.25,0.6,0.7,1.0,0,1.0,0.35,0.654
0,0,0.4,0.067,0.5,0,0,0,0.5,1.0,0.5,0.15
0,0,0.4,0,0.25,0,0.5,0.2,0.5,1.0,0.3,0.161
1.0,0.6,0.7,0.133,0,0.6,1.0,0.8,0.5,0,0.175,0.652
0.8,0.2,0.8,0.667,1.0,0.5,0.6,0.8,0.25,0.5,1.0,0.685
0.2,0,0,0,0.25,0,0.1,0,0,0,0.55,0.098
0,0,0,0.067,1.0,0,0.1,0.4,0.75,1.0,0.7,0.18
1.0,0.8,1.0,0.733,1.0,0.7,1.0,1.0,0.25,0.5,0.3,0.876
1.0,0.2,0.9,0.6,0,0.6,1.0,1.0,1.0,0,0.525,0.729
0,0,0,0,1.0,0,0.4,0.2,1.0,0,0.075,0.155
0,0,0,0,0.25,0,0.3,0.2,0.75,1.0,0.85,0.116
0,0,0,0,0.25,0,0,0,0,1.0,1.0,0.06
0.6,0,0.1,0.133,0.75,0.4,0.7,0.4,1.0,0,0.45,0.427
0.8,0,0.8,0.4,0.75,0.4,0.9,0.6,0.5,0.5,0.925,0.628
1.0,0.2,0.6,0.333,0.5,0.6,0.8,0.8,1.0,0.5,0.65,0.698
0.2,0.4,0.4,0.467,0.25,0,0.9,0.6,0,1.0,0.325,0.335
0.2,0,1.0,0.6,0.5,0.1,0.3,0.6,0.75,0,0.025,0.379
0.4,0,0.5,0.067,0.75,0.3,0.6,0.4,0,0,0.35,0.346
0.6,1.0,1.0,0.467,0,0.4,0.8,1.0,0.75,0,0.5,0.618
0.6,0,0.2,0.533,0.25,0.4,0.7,0.6,0.75,0,0.2,0.441
0,0,0.7,0,0.5,0,0.5,0.2,0,0,0.25,0.167
0,0,0.7,0.133,0,0,0,0.2,0.75,0,0.125,0.14
0,0,0,0,0.75,0,0.2,0,0.25,0.5,0.55,0.102
0,0,0.2,0,1.0,0,0,0,0,0,0.1,0.105
0.6,0.4,1.0,0.6,0.75,0.2,0.6,0.8,1.0,0.5,0.1,0.626
0.6,0.4,1.0,0.8,0.25,0.4,1.0,1.0,0,0,0.375,0.608
0.8,0,1.0,0.533,0.75,0.7,0.9,0.6,1.0,0.5,0,0.705
0.6,0.6,0.7,0.4,0,0.2,0.5,0.8,0.5,0.5,0.875,0.506
0.6,0,0.6,0.333,1.0,0.4,0.5,0.4,0,0.5,0.175,0.489
0,0,0.2,0,1.0,0,0.1,0,0.5,0,0.375,0.134
0.8,0.4,0.7,0.4,0,0.3,0.5,0.6,0.75,0.5,0.35,0.559
0.4,0,0.1,0.267,0.25,0.2,0.4,0.4,0,0.5,0.4,0.274
0.2,0,0,0.267,0.75,0.1,0.2,0.2,0.75,0,0.475,0.221
0.6,0,0.5,0.2,0.75,0.3,0.5,0.6,1.0,0,0.6,0.473
0.2,0,0.7,0.067,0,0.1,0,0.2,0.5,0.5,0.8,0.219
0.2,0,0,0,0.75,0,0.2,0.2,0.75,0.5,0.625,0.199
0,0,0,0,1.0,0,0.3,0,0.75,0,0.15,0.13
0.4,0.4,0.4,0.733,0.25,0.3,1.0,0.8,1.0,1.0,0.95,0.519
0.8,0.6,1.0,0.333,0,0.5,1.0,1.0,0.25,0.5,0.675,0.655
0.2,0,0,0.067,1.0,0,0.2,0.2,1.0,1.0,0.175,0.247
1.0,0,0.9,0.667,0.75,0.8,0.5,0.8,0.5,0.5,1.0,0.758
0.2,0,0.8,0.333,0.25,0,0.9,0.6,0,0.5,0.35,0.321
0.6,0,0.2,0.067,0,0.2,0.7,0.4,0,0.5,0.5,0.329
0.2,0,0.3,0,0.5,0,0.6,0.4,0,1.0,0.05,0.229
0,0,0.1,0,1.0,0,0,0,0,0.5,1.0,0.117
1.0,1.0,1.0,0.933,0.75,0.4,0.7,1.0,1.0,0,0.8,0.869
0.6,1.0,0.8,0.733,0.25,0.5,0.9,1.0,0.75,0.5,0.975,0.678
0.6,0.2,0.9,0.267,1.0,0.3,0.6,0.6,1.0,0,0.2,0.566
0.4,0,0,0,0,0.3,0,0.2,0.25,0.5,0.525,0.199
0.2,0,0.2,0,0,0.1,0,0,0.75,1.0,0.7,0.166
0,0,0.7,0,0.75,0,0.3,0.2,0.5,1.0,0.225,0.224
0.6,0,1.0,0.133,0.75,0.5,0.6,0.6,0.75,0,0.4,0.538
0,0,0.3,0.267,0.25,0,0.2,0.4,0.5,0.5,0.3,0.155
0,0,0.4,0.133,0.25,0,0.3,0,0.25,0.5,0.625,0.132
0,0,0.1,0,0.5,0,0,0,0,1.0,0.95,0.091
0.2,0,0.4,0.067,0.75,0,0.2,0.2,0.25,0.5,0.95,0.238
0.4,0,0.6,0.067,0.75,0.1,0.3,0.2,0.5,1.0,0.55,0.364
0.2,0,0.6,0,0.5,0,0.4,0.2,0.75,1.0,0.825,0.28
0,0,0.4,0.067,0.5,0,0.7,0.4,0.5,0.5,0.125,0.194
1.0,0.2,0.8,0.8,0.25,0.8,1.0,1.0,0.25,0.5,0.8,0.765
0,0,0.1,0.2,0.75,0,0,0,0.25,0,0.35,0.107
0.4,0,0.4,0.2,1.0,0.2,0.2,0.4,0.5,0,0.475,0.357
0.8,1.0,0.6,0.533,0.5,0.3,1.0,1.0,0.25,1.0,0.525,0.697
0,0,0,0,0.75,0,0,0,1.0,0.5,0.925,0.124
0,0,0,0,0.75,0,0,0,0.25,1.0,0.95,0.109
0.8,0.2,1.0,0.4,0.75,0.6,0.8,0.6,0.5,0.5,0.95,0.681
0.8,1.0,1.0,1.0,1.0,0.6,0.7,1.0,1.0,1.0,0.775,0.878
0.4,0,0.2,0,0.25,0.3,0.7,0.4,0,1.0,0.375,0.299
0.2,0,0.6,0.067,0.5,0,0.3,0.4,0.25,0.5,0.875,0.257
0,0,0,0,0,0,0.1,0,0,1.0,0.3,0.039
0.2,0,0.1,0,0.75,0,0.2,0.2,0.5,0.5,0.95,0.205
0.6,0.6,0.7,0.933,0.75,0.4,0.8,1.0,0,1.0,0.875,0.665
0.6,0.4,1.0,0.6,0.75,0.4,0.8,0.8,0.25,1.0,0.575,0.646
0,0,0.2,0.067,0.75,0,0.2,0,0.5,0,0.475,0.128
0,0,0.3,0.067,0.75,0,0,0.2,0.25,0.5,0.375,0.142
0,0,0.9,0,1.0,0,0.6,0.4,0.25,0,0.325,0.257
0,0,0,0,0.5,0,0,0.2,0.25,0.5,0.925,0.084
0,0,0.4,0.133,1.0,0,0.6,0.4,0.75,0.5,1.0,0.254
0.8,0,0.7,0.533,0,0.7,0.9,0.8,0.75,0,0.4,0.598
0.4,0,0.1,0.267,0.75,0.1,0.3,0.4,0.25,0.5,0.8,0.313
0,0,0,0.133,0,0,0.3,0,1.0,0.5,0.15,0.089
1.0,1.0,1.0,0.667,0.25,0.6,0.7,1.0,0.5,1.0,0.775,0.827
0,0,0.8,0.267,0.5,0,0.2,0.4,0,0.5,0.625,0.219
0.8,0,0.5,0.467,0.75,0.4,0.3,0.6,0.75,0.5,0.775,0.572
0.8,0.4,1.0,0.933,1.0,0.5,1.0,1.0,1.0,0.5,0.325,0.812
0.8,1.0,1.0,0.467,0.5,0.3,1.0,1.0,0,1.0,0.3,0.725
0,0,0,0,0.75,0,0,0,1.0,0.5,1.0,0.125
0.8,0,0.5,0.467,0.75,0.6,0.3,0.6,1.0,0,0.3,0.58
0.2,0.4,0.2,0.467,0.25,0.1,0.3,0.6,0,1.0,0.975,0.29
0,0,0.1,0.133,0,0,0.3,0,0.75,1.0,0.025,0.105
0.6,0,0,0.333,0,0.5,0.5,0.4,1.0,0,0.525,0.375
0,0,0,0,0,0,0,0,0.25,1.0,0.95,0.05
0.8,0,1.0,0.867,0,0.3,0.5,0.8,0.25,0.5,0.05,0.602
0.6,0,1.0,0.333,0.75,0.4,0.4,0.6,1.0,0.5,0.25,0.562
0.2,0,0.9,0,0.75,0,0.2,0.4,0.75,0.5,0.5,0.316
0,0,0.9,0.133,0,0,0.2,0.4,0.75,1.0,0.15,0.216
0,0,0,0,0,0,0,0,0.5,1.0,0.375,0.054
0,0,0,0,0.75,0,0.3,0.2,0,0.5,0.725,0.11
0,0,0,0,1.0,0,0,0,1.0,1.0,0.25,0.152
1.0,0.4,0.7,0.867,0.25,0.6,1.0,1.0,1.0,0.5,0.125,0.782
0,0,0,0,0.25,0,0.1,0,0.75,1.0,0.025,0.086
0.2,0,0.5,0,0.25,0,0,0.2,0,1.0,0.825,0.194
0,0,0.7,0.133,0,0,0,0.2,0.25,0,0.85,0.127
0,0,0.4,0,0.75,0,0.3,0,0,0.5,0.575,0.147
0,0,0,0.067,0.5,0,0,0,0.5,1.0,0.9,0.106
0.4,0.2,1.0,0.4,0.5,0.3,0.5,0.8,0.5,0,0.05,0.47
0.4,0,0.7,0,1.0,0.2,0.1,0.2,1.0,0.5,0.2,0.387
0,0,0.3,0,1.0,0,0.1,0,0.5,0.5,0.675,0.164
0.8,0.2,0.9,0.4,0.75,0.3,0.6,0.6,0.5,0,0.825,0.613
1.0,1.0,1.0,1.0,1.0,0.4,1.0,1.0,1.0,0.5,0.35,0.925
0.6,0.2,1.0,0.333,0.25,0.3,0.5,0.8,1.0,1.0,0.275,0.56
0.4,0,0,0.133,1.0,0.3,0.3,0.4,0.25,0.5,0.925,0.326
0,0,0.4,0,0.25,0,0.2,0,0.75,1.0,0.325,0.143
0,0,0,0.133,0.5,0,0,0,0,0.5,0.225,0.072
0,0,0.4,0,0.5,0,0.2,0,1.0,0.5,0.65,0.161
1.0,1.0,0.9,0.8,0.5,0.7,0.8,1.0,0,0,0.55,0.813
1.0,0.6,1.0,0.4,0.75,0.9,1.0,1.0,0,0,0.725,0.8
0.4,0.4,1.0,0.333,0.75,0.1,0.3,0.6,0.75,0,0.6,0.474
0,0,0.9,0,0.75,0,0.4,0.4,0,1.0,0.625,0.248
0.8,0.8,0.7,0.667,0.25,0.7,1.0,0.8,0.5,0,0.55,0.694
0,0,0.6,0.067,0.75,0,0.7,0.4,0.5,0,0.65,0.228
0.4,0.6,1.0,0.533,0.5,0.3,0.7,0.8,0.5,0.5,0.025,0.543
1.0,1.0,1.0,0.6,0.25,0.5,0.9,1.0,0,0,0.65,0.772
0.6,0,0.3,0.333,0.25,0.2,0.1,0.4,0.75,0.5,0.9,0.389
0,0,0.9,0.067,0.5,0,0.1,0.4,0.75,1.0,0.75,0.249
0,0,0,0,0.5,0,0,0,0.25,1.0,0.925,0.089
0.2,0,0,0.133,0.75,0,0.3,0.2,0.5,0.5,0.15,0.205
0.2,0,0.4,0.2,1.0,0.1,0.6,0.6,0.75,0.5,0.275,0.339
1.0,1.0,1.0,0.2,0.25,0.6,0.7,1.0,0.75,1.0,0.825,0.786
0,0,0,0,0,0,0,0,0,0.5,0.425,0.019
0.8,0.4,0.9,0.867,0.75,0.5,1.0,1.0,1.0,0.5,0.225,0.772
0.4,0,0.4,0.667,1.0,0.2,0.4,0.6,0.75,1.0,0,0.465
0.6,1.0,0.6,0.4,1.0,0.3,0.7,1.0,0.5,0,0.55,0.619
0,0,0.4,0,1.0,0,0.1,0,0,1.0,0.65,0.171
0,0,0.5,0.267,1.0,0,0.6,0.4,0.25,0,0.2,0.237
0.8,0.2,0.4,0.067,0.25,0.5,0.8,0.6,0,0,0.675,0.485
0.8,0,1.0,0.267,1.0,0.3,0.7,0.6,1.0,0.5,0.35,0.651
0.4,0,0.3,0.067,0.75,0.2,0.5,0.4,1.0,1.0,0.1,0.374
0.4,0,0,0.2,0.25,0.2,0.4,0.2,0.25,1.0,0.275,0.269
0,0,0.4,0.267,0.75,0,0.1,0.4,1.0,0.5,0.725,0.226
0.4,0,0,0,1.0,0.3,0.2,0.2,0.25,1.0,0.75,0.309
0.4,0,0.6,0.067,0,0.2,0.3,0.2,0.5,1.0,0.075,0.308
0.8,0,0.4,0.467,1.0,0.5,0.5,0.6,1.0,1.0,0.55,0.624
0.4,0,0,0,0,0.2,0.4,0.2,0.25,0,1.0,0.204
0,0,0.4,0,1.0,0,0,0.2,1.0,0,0.95,0.188
0.2,0,0.4,0,0.25,0.1,0,0,0.5,0.5,0.825,0.186
0.6,0,0,0.2,0.5,0.4,0.5,0.4,0.5,0.5,0.5,0.386
0,0,0.2,0,0.75,0,0.4,0.2,0.25,0,0.4,0.132
0.8,0,0.9,0.6,0.5,0.3,1.0,0.8,0.75,0.5,0.775,0.658
0,0,0.4,0,0,0,0.2,0.4,0,0,0.8,0.088
0.6,0,0.3,0.133,0.75,0.2,0.6,0.4,0,0.5,0.65,0.404
0,0,0,0,0,0,0.3,0.2,0,0.5,0.35,0.046
0.6,0,1.0,0.533,0.75,0.4,0.3,0.6,0.75,0.5,0.275,0.568
0,0,0.3,0,0.25,0,0.1,0.2,0.25,1.0,0.15,0.113
0.8,0.4,1.0,0.467,1.0,0.4,0.9,0.8,0.5,0.5,0.625,0.719
0.8,0,0.7,0.2,1.0,0.5,0.6,0.6,0.25,0,0.1,0.572
0,0,0,0,0.5,0,0.2,0,1.0,1.0,0.6,0.128
0.4,0.2,0.8,0.2,0.25,0.3,0.7,0.6,1.0,0.5,0.45,0.445
0,0,0,0.067,0,0,0.4,0.2,1.0,0.5,0.225,0.099
0.2,0,0.4,0.133,0.5,0,0.3,0.4,0.75,1.0,0.975,0.276
0,0,0.6,0,0,0,0.1,0.2,0.5,0,0.4,0.112
0.8,0,0.6,0.2,1.0,0.7,0.5,0.6,1.0,0,0.45,0.606
0,0,0.4,0.067,0.25,0,0,0.2,0.75,0.5,0.65,0.137
0.8,0,1.0,0.667,0.5,0.7,0.6,0.6,0,1.0,0.625,0.663
0.8,0.2,0.4,0.6,0.75,0.5,0.8,0.6,0.25,0,0.575,0.593
0.8,0,0.9,0.333,0.75,0.3,0.6,0.6,1.0,0.5,0.1,0.618
0.2,0,0.7,0,1.0,0.1,0.2,0.2,0.75,1.0,0.15,0.323
0.2,0,0.4,0,0,0,0.1,0,0,0,0.775,0.128
0,0,0,0,0,0,0.3,0,0.5,1.0,0.2,0.07
0.4,0,0.7,0.067,1.0,0.1,0,0.2,0,0,0.525,0.328
0,0,0.4,0,0.75,0,0.2,0,0.5,0.5,0.625,0.161
1.0,0,1.0,0.667,0,0.9,0.9,0.8,0,0,0.95,0.708
0.4,0.2,0.9,0.533,0,0.1,0.8,0.8,1.0,0,0.575,0.457
0.8,0,0.3,0.467,0.75,0.3,0.7,0.6,0.5,0.5,0.625,0.552
0.8,0.8,1.0,0.267,0.75,0.5,0.8,0.8,0.5,0.5,0.55,0.711
0.4,0,0.7,0.2,0.5,0.2,0.6,0.6,0.5,1.0,0.675,0.419
0.6,0,0.9,0.333,0.25,0.4,0.5,0.4,0,1.0,0.4,0.483
0.6,0,0.7,0.2,0.75,0.2,0.2,0.4,0,0.5,0.875,0.438
0.4,0.6,0.4,0.867,0,0.3,0.8,0.8,1.0,1.0,0.4,0.512
0.2,0,0.1,0,0,0.1,0.3,0.2,0,1.0,0.125,0.146
0.6,0.4,0.6,0.533,0.25,0.3,1.0,0.8,0.5,0.5,0.975,0.552
0,0,0,0,1.0,0,0.3,0,0.5,0.5,0.225,0.135
0.6,0.6,0.8,0.733,0.5,0.2,1.0,1.0,0.5,0,0.1,0.612
0,0,0.6,0.067,0.75,0,0.5,0.2,0,0,0.125,0.181
0,0,0.5,0,0.25,0,0.2,0,0.5,1.0,0.175,0.144
0,0,0,0,1.0,0,0,0,0.25,1.0,0.3,0.123
0.4,0,0.5,0.333,0,0.3,0.6,0.6,0.5,1.0,0.725,0.379
0.4,0,0.6,0.333,0.75,0.2,0.1,0.4,1.0,1.0,0.75,0.422
0,0,0.8,0,0.25,0,0.5,0.4,0.25,0.5,0,0.191
1.0,0.8,0.4,0.533,1.0,0.7,0.9,0.8,0.75,0.5,0.8,0.791
0.6,0,0.7,0.4,1.0,0.5,0.8,0.6,1.0,0,0.75,0.577
0,0,0.7,0,0.25,0,0.3,0.2,0.75,0,0.675,0.169
0,0,0.7,0,0.75,0,0.4,0.2,1.0,1.0,0.175,0.25
0.4,0,0,0,0.5,0.2,0.1,0.2,1.0,0,0.65,0.253
0.4,0,0.8,0.2,1.0,0.1,0.1,0.4,0,0,0.5,0.37
0,0,0,0,0.25,0,0,0,0,1.0,0.3,0.053
0.8,0.2,1.0,0.267,0.5,0.5,0.9,0.6,0.25,0.5,0,0.623
0.8,1.0,1.0,0.333,0.25,0.4,0.9,1.0,0,0,0.9,0.67
0.4,0,0.4,0.667,0,0.1,0.7,0.6,0.25,1.0,0.575,0.38
0,0,0.1,0.067,0.75,0,0,0,1.0,1.0,0.025,0.15
0,0,0,0.2,0,0,0.2,0.2,0.5,0.5,0.175,0.081
0.2,0,0.7,0,0.25,0,0.4,0.2,1.0,1.0,0.075,0.275
1.0,0.8,0.8,1.0,1.0,0.7,0.8,1.0,0,0.5,0.95,0.865
0,0,0.8,0.267,0.25,0,0.3,0.4,1.0,0.5,0.95,0.248
0.6,0.4,0.8,0.8,0.25,0.5,0.9,0.8,0.5,1.0,0.5,0.628
0.8,0.2,1.0,1.0,0.75,0.6,0.7,1.0,0,0,0.625,0.722
0.4,0.2,0.5,0.6,0,0.3,0.4,0.6,0.75,0,0.075,0.386
0.8,0,0.6,0.667,1.0,0.5,1.0,0.8,0,0,0.775,0.642
0,0,0.7,0,0.25,0,0.5,0.2,0.75,1.0,0.025,0.204
0.4,0,0.8,0.267,0.25,0.3,0.8,0.8,0.5,0,0.65,0.419
1.0,0.2,1.0,1.0,0,0.7,1.0,1.0,0.75,0.5,0.25,0.797
0,0,0.4,0.067,0.75,0,0,0.2,0.5,0,0.3,0.148
0,0,0,0,1.0,0,0,0,0.5,0,0.825,0.108
0.4,0,0.6,0.4,0.25,0.2,0.4,0.6,0.75,0.5,0.825,0.393
0,0,0.5,0,0.5,0,0,0,0.5,0.5,0.3,0.138
0.4,0,0.5,0.267,1.0,0.2,0.7,0.6,0.75,0,0.9,0.43
0.4,0,1.0,0.4,0.25,0.2,0.6,0.6,0.5,1.0,0.075,0.451
0,0,0.2,0,0.5,0,0,0,1.0,0.5,0.15,0.121
1.0,1.0,0.9,0.867,0,0.4,1.0,1.0,0.75,0.5,0.025,0.805
0,0,0.2,0,0.25,0,0,0,0.75,1.0,0.975,0.114
0.6,0,0.4,0.533,1.0,0.4,0.5,0.6,0.25,0,0.75,0.498
1.0,1.0,1.0,1.0,0.75,0.7,1.0,1.0,0.25,0,0.35,0.886
0.6,0,0.3,0,0.75,0.3,0.3,0.4,1.0,0,0.5,0.404
1.0,0.4,1.0,0.4,0.5,0.4,1.0,1.0,0.25,1.0,0.225,0.754
1.0,1.0,1.0,0.533,0,0.5,1.0,1.0,0.25,0,0.525,0.759
0.4,0,0.4,0,0,0.1,0,0.2,0.25,0,0.725,0.216
0.6,0,0.5,0.133,0.25,0.2,0.6,0.4,0.5,1.0,0.175,0.418
0.6,1.0,1.0,0.8,0,0.5,0.8,1.0,0.25,0.5,0.6,0.66
0.8,0.2,0.4,0.467,0,0.7,0.5,0.6,0.25,0,0.05,0.513
0.2,0,0.1,0.333,1.0,0,0.4,0.4,0.75,0,0.45,0.273
0.8,0,1.0,0.533,0,0.4,0.7,0.8,0,1.0,0.675,0.597
0.2,0,0.7,0.067,0.75,0,0.3,0.2,0.75,0,0.55,0.281
0.2,0,0.3,0.4,0.75,0.1,0.8,0.6,1.0,0,0.275,0.336
0.6,0,0.3,0.6,0.75,0.2,0.6,0.6,0,0,0.825,0.452
0,0,0,0,0.25,0,0,0,0,1.0,0.725,0.057
0.2,0,0.1,0.067,0.25,0,0.4,0.2,0.75,0.5,0.675,0.191
0.2,0,0,0,0.25,0,0.1,0,0.25,1.0,0.15,0.134
0,0,0.1,0.2,1.0,0,0.2,0.4,0.75,1.0,0.8,0.214
0.8,0,0.8,0.467,1.0,0.4,1.0,0.8,0.75,0.5,0.75,0.68
0.4,0.2,0.4,0.667,0.25,0.2,1.0,0.8,0.25,1.0,0.35,0.451
0.6,0,0.5,0.4,0,0.3,0.4,0.6,0.25,0.5,0.925,0.417
0.6,0,0.5,0.333,1.0,0.5,0.1,0.4,0.25,0.5,0.875,0.479
0.2,0,0.7,0,0,0,0.5,0.2,0.25,0.5,0.625,0.221
0,0,0,0,0.25,0,0,0,0.5,0.5,0.05,0.056
0.4,0,0.9,0.133,1.0,0.2,0.2,0.4,0.5,0,0.1,0.406
0.8,0.4,1.0,0.4,1.0,0.3,0.9,1.0,0.75,0.5,0.925,0.725
1.0,0.2,0.6,0.6,0.5,0.7,0.7,0.8,0.25,0.5,0.325,0.697
0.2,0,0.4,0,0,0,0.1,0,0.5,0,1.0,0.15
0.6,0,0.7,0.067,0,0.4,0.2,0.4,0.25,0,0.225,0.37
0.2,0,0.3,0,0.25,0,0.4,0.2,0.5,1.0,0.95,0.216
0.8,0.2,1.0,1.0,1.0,0.3,0.8,1.0,0.25,1.0,0.25,0.758
0.4,0.4,0.8,0.333,0.75,0.2,0.5,0.8,0.75,1.0,0.525,0.51
0.8,0.6,0.6,0.4,0,0.7,0.7,0.8,1.0,1.0,0.925,0.652
0.6,0,0.9,0.133,0,0.2,0.4,0.4,0.25,0,0.5,0.398
0,0,0.5,0,1.0,0,0,0,0.75,0.5,0.45,0.19
0.2,0,0.4,0,0.5,0.1,0.4,0.2,0.5,1.0,0.475,0.252
0,0,0,0,0,0,0.3,0,0.5,0.5,0.2,0.055
0,0,0.4,0.067,0,0,0,0.2,0.5,0,0.775,0.093
1.0,0.6,1.0,0.2,0.75,0.9,0.7,1.0,0.25,1.0,0.2,0.795
1.0,0.2,1.0,0.467,0.75,0.9,0.9,1.0,0.25,1.0,0.7,0.809
0.6,1.0,0.6,0.6,1.0,0.3,0.7,1.0,0.5,0.5,0.975,0.66
0,0,0,0,0,0,0.2,0,0,1.0,0.15,0.043
0.4,0,0.8,0,0.5,0.3,0.2,0.4,1.0,0,0.575,0.373
0,0,0.1,0,0,0,0,0,0.75,1.0,0.475,0.077
0,0,0,0,1.0,0,0,0,0.5,1.0,0.725,0.137
0.8,0.8,1.0,1.0,1.0,0.4,0.9,1.0,0.25,1.0,0.55,0.824
1.0,0.4,1.0,1.0,1.0,0.8,0.7,1.0,1.0,0.5,0.125,0.892
1.0,0.4,0.6,1.0,0,0.7,0.7,1.0,0.5,0.5,0.325,0.737
0.6,1.0,1.0,0.667,0.5,0.4,0.9,1.0,0.5,1.0,0.175,0.703
0,0,0,0,0,0,0,0,0.25,1.0,0.875,0.049
1.0,1.0,1.0,0.867,0.5,0.4,1.0,1.0,0.25,1.0,0.375,0.855
0.2,0,0,0,0,0.1,0,0,1.0,1.0,0.925,0.154
0,0,0,0,0.5,0,0,0,0.5,0.5,0.375,0.079
0,0,0.3,0,0,0,0.1,0.2,0.75,0,0.125,0.083
0,0,0,0,0,0,0,0,1.0,0.5,0.825,0.063
1.0,0.2,1.0,0.667,0.75,0.5,0.7,1.0,1.0,0.5,0.65,0.798
0,0,0.5,0,0,0,0.3,0,0,0,0.15,0.08
1.0,0.4,0.9,1.0,0,0.5,1.0,1.0,0.25,0.5,0.925,0.769
0.2,0,0,0,0,0,0.4,0.2,0.5,0,0.35,0.124
0.4,0,0.3,0.067,1.0,0.1,0.1,0.4,0,0.5,0.225,0.308
0.4,0,0.1,0.133,0.5,0.1,0.5,0.4,0,0,0.05,0.258
0.4,0,0.4,0.133,0.75,0.3,0.3,0.2,1.0,1.0,0.275,0.382
0,0,0,0,1.0,0,0,0,0.75,1.0,0.575,0.146
0.2,0,0,0,0.5,0.1,0,0,1.0,1.0,0.4,0.189
0.8,0.6,1.0,1.0,0.25,0.6,1.0,1.0,0.5,0.5,0.05,0.762
0,0,0,0,0,0,0.1,0,0,1.0,0.675,0.043
0.8,0.4,0.7,0.733,1.0,0.3,0.5,0.8,0.5,0.5,0.1,0.674
0.8,1.0,0.6,0.4,0,0.5,1.0,1.0,0.25,0.5,0.15,0.641
0.6,0.2,0.8,0.2,0,0.5,0.9,0.6,1.0,1.0,0.7,0.538
0.2,0,0.7,0,0,0,0.3,0.2,0.25,1.0,0.85,0.227
0,0,0,0,1.0,0,0,0,0.75,0.5,0.175,0.127
0,0,0.4,0,1.0,0,0.2,0,0.75,0,0.15,0.172
0,0,0.3,0,1.0,0,0,0.2,0,0.5,0.05,0.142
0.6,0.6,0.7,0.533,0,0.2,0.6,0.8,1.0,1.0,0.725,0.56
0,0,0.5,0,0.25,0,0.3,0,1.0,1.0,0.025,0.168
0.4,0.4,1.0,0.467,0.25,0.1,0.3,0.6,0,0.5,0.8,0.435
0,0,0.3,0.267,1.0,0,0.7,0.4,1.0,0,0.2,0.249
0,0,0.3,0.333,0.5,0,0.5,0.4,1.0,1.0,0.025,0.233
0.2,0,0.6,0.267,0,0,0.3,0.6,0.25,0,0.025,0.226
0.2,0.2,1.0,0.4,0,0.1,0.4,0.6,0,0,0.4,0.313
0.2,0,0,0,0,0.1,0,0,0.75,0,0.125,0.106
0.8,0.8,1.0,0.6,0,0.3,0.6,0.8,1.0,1.0,0.5,0.692
0.8,0.8,1.0,1.0,0.5,0.4,1.0,1.0,0,0.5,0.525,0.764
1.0,0.2,1.0,0.533,1.0,0.4,0.5,0.8,0.75,0.5,0.775,0.763
0.4,0.2,1.0,0.533,1.0,0.3,1.0,0.8,0,0,0.975,0.543
0,0,0,0,0.5,0,0,0.2,0.5,0,0.075,0.071
0.4,0,0.9,0.267,0,0.3,0.4,0.4,0.5,1.0,0.85,0.399
1.0,0.6,0.6,0.6,0.75,0.4,1.0,1.0,1.0,0.5,0.9,0.786
0.4,0,0.8,0.133,0.5,0.3,0.3,0.4,0.5,1.0,0.8,0.406
0.2,0,0,0,0.5,0.1,0.3,0,0.25,0,0.4,0.147
0.4,0,1.0,0.6,1.0,0.2,1.0,0.8,0,0,0.75,0.523
0.8,0.2,1.0,0.4,0.75,0.7,1.0,0.8,0.75,1.0,0.4,0.731
1.0,0.6,1.0,0.8,0.75,0.5,1.0,1.0,0.5,1.0,0.7,0.858
0,0,0.5,0,0.25,0,0,0.2,0.5,0.5,0.125,0.126
1.0,0.6,1.0,0.733,1.0,0.7,1.0,1.0,0.25,1.0,0.4,0.876
1.0,0.8,1.0,0.333,0.25,0.8,1.0,1.0,0,0,0.8,0.761
0,0,0,0,0.25,0,0.1,0.2,0.25,0,0.875,0.055
0,0,0.1,0,1.0,0,0.3,0,0,0.5,1.0,0.135
0.6,0,0.7,0.467,0.25,0.4,0.7,0.8,0.25,0.5,0.125,0.498
0.2,0,0.3,0.533,0,0.1,0.6,0.6,1.0,0,0.1,0.277
0,0,0,0,0.75,0,0,0.2,0.75,0,0.35,0.104
0.4,0.6,1.0,0.8,0,0.3,0.9,0.8,0.25,0,0.075,0.52
0.4,0.6,1.0,0.8,0.75,0.2,0.9,0.8,0.5,0,0.925,0.589
0,0,0,0,0,0,0.1,0,0.5,0,0.5,0.031
0.4,0.8,0.7,0.467,0.25,0.1,0.8,0.8,0.5,1.0,0.95,0.508
0.4,0,0.6,0,0.75,0.3,0.2,0.2,1.0,1.0,0.95,0.393
0.6,0.2,1.0,0.267,1.0,0.2,1.0,0.8,0,0,0.275,0.564
0,0,0,0,0.25,0,0,0,0.5,1.0,0.225,0.072
0.4,0,0.6,0.067,0,0.2,0.4,0.2,0,0,0.375,0.267
0,0,0.4,0,0.25,0,0,0,0,0.5,0.375,0.087
0.4,0,0.4,0,0,0.1,0,0.2,0.5,0,0.15,0.221
0.8,0,0.5,0.6,0.25,0.5,0.4,0.6,0.25,0.5,0.925,0.543
1.0,0.4,1.0,0.667,0.5,0.9,1.0,0.8,0.5,0.5,0.475,0.816
0,0,0.2,0.133,0.75,0,0,0.2,0.75,0,0.4,0.143
0,0,0.1,0,0.75,0,0.1,0,0.5,0,0.275,0.101
0,0,0,0,0.25,0,0.1,0,0.5,0,0.825,0.054
0,0,0,0,0,0,0,0.2,1.0,1.0,0.925,0.089
0.4,0,1.0,0.8,0,0.3,0.8,0.8,1.0,0,1.0,0.505
0.2,0,0.5,0,0.75,0.1,0,0.2,0.5,0,0.9,0.234
0,0,0,0,0.25,0,0.3,0,0.75,1.0,0.625,0.104
0.8,0.4,0.4,0.333,1.0,0.4,0.8,0.8,0,0.5,0.15,0.601
1.0,1.0,1.0,0.533,0,0.4,1.0,1.0,1.0,1.0,0.9,0.814
0.2,0,0,0,1.0,0,0.1,0.2,0.75,1.0,0.425,0.226
1.0,0.6,1.0,0.6,1.0,0.7,0.7,1.0,0.75,1.0,0.675,0.866
0,0,0.7,0.133,0,0,0.4,0.4,0.5,0.5,0.55,0.183
0,0,0.1,0,1.0,0,0.4,0.2,0,0,0.6,0.132
0.8,1.0,0.8,0.867,0.75,0.5,0.7,1.0,0.5,0.5,0.625,0.774
0.2,0,0.5,0,0,0,0.1,0,0.5,0.5,0.2,0.169
0,0,0,0,0.5,0,0,0,0.25,0,0.075,0.051
0.6,0,0.8,0.133,1.0,0.4,0.9,0.6,0,1.0,0.3,0.542
1.0,1.0,0.8,1.0,0.5,0.8,1.0,1.0,0.75,1.0,0.925,0.907
0,0,0.2,0.133,1.0,0,0.3,0.4,0.25,0,0,0.167
0.4,0.6,1.0,0.4,1.0,0.2,0.8,0.8,0,0,0.55,0.535
0.2,0,0.5,0,0,0,0,0.2,0,1.0,0.55,0.172
0,0,0.1,0,0.25,0,0,0.2,1.0,1.0,0.175,0.114
0.2,0.2,0.6,0.4,0.25,0.1,0.3,0.6,1.0,1.0,0.975,0.355
0,0,0.2,0,0.25,0,0,0,0.25,0,0.975,0.064
0.4,0.4,0.5,0.667,0.5,0.1,0.7,0.6,0.25,1.0,0.85,0.467
0,0,0.8,0.133,0.75,0,0.7,0.4,1.0,0.5,0.975,0.297
0,0,0.7,0,0.75,0,0.5,0.2,1.0,1.0,0.35,0.258
1.0,0.2,1.0,1.0,0,0.6,0.9,1.0,0.5,0,0.75,0.762
0.4,0,0.8,0.133,0.75,0.3,0.6,0.6,0.75,0.5,0.725,0.448
0.4,0,0.3,0,0.25,0.2,0,0.2,0.75,0.5,0.65,0.268
0,0,0.1,0,0,0,0.2,0,0.5,0,0.45,0.049
0,0,0.5,0,0.25,0,0,0,0,0.5,0.325,0.098
0.6,0.8,1.0,1.0,0,0.5,0.7,1.0,0,0.5,0.325,0.647
0,0,0.4,0,0.75,0,0.3,0,0.25,0,0.8,0.144
0.2,0,0,0.2,0.5,0.1,0,0.2,0.25,0,0.525,0.162
0.8,0,1.0,0.667,0,0.7,0.4,0.6,0.75,0.5,1.0,0.629
0.8,0,0.7,0.467,0.75,0.4,0.3,0.6,0.25,0.5,0.175,0.57
0.2,0,0,0,0,0.1,0,0,1.0,1.0,0.475,0.15
0,0,0.4,0,0.5,0,0,0,0.25,0.5,0.375,0.117
0.2,0,0.5,0.067,0.75,0,0.3,0.4,0.75,1.0,0.4,0.295
0.4,0,0,0.2,0.25,0.2,0.1,0.4,0,0,0.05,0.218
0.4,0,0.1,0.133,1.0,0.2,0.4,0.4,0,1.0,0.55,0.336
0.4,0,0.7,0.067,0.75,0.1,0.2,0.4,1.0,0,0.8,0.372
0,0,0.4,0,0.5,0,0.3,0,0.75,1.0,0.35,0.17
0.2,0,0.3,0,0.75,0.1,0,0.2,0,1.0,0.5,0.216
0.6,0.2,0.6,0.733,1.0,0.3,0.9,1.0,0.25,0.5,0.85,0.611
0,0,0.4,0,0.25,0,0,0,0.5,1.0,0.125,0.119
1.0,0,0.9,0.733,0,0.6,0.6,0.8,0.75,0.5,0.375,0.697
0.6,0.2,0.7,0.867,0.25,0.3,0.7,1.0,1.0,0,0.125,0.574
0,0,0.3,0,0.25,0,0,0,0.5,0,0.25,0.079
0.2,0,0,0,0.75,0,0.1,0,0.75,0,0.925,0.171
0.8,0.4,1.0,0.933,0.25,0.5,1.0,0.8,1.0,1.0,0.05,0.754
0.2,0.4,0.9,0.533,0.5,0.1,0.3,0.6,0.25,0,0.5,0.377
0.4,0,0,0,0,0.2,0,0.2,1.0,0,0.725,0.207
0.2,0,0.6,0.267,0,0.1,0.1,0.4,0,1.0,0.75,0.24
0.6,0,0.4,0.067,1.0,0.3,0.7,0.4,0.75,0.5,0.175,0.469
1.0,0,0.9,0.867,0.25,0.6,0.9,0.8,0.25,0.5,0.65,0.733
0,0,0.3,0,0.75,0,0.2,0,0.5,1.0,0.15,0.16
0.4,0,1.0,0.2,0.75,0.2,1.0,0.8,0.25,0.5,0.2,0.479
0.8,0,0.6,0.267,0,0.3,0.8,0.6,0.25,0.5,0.45,0.5
0.2,0.2,0.2,0.2,0.75,0.1,0.5,0.6,0,0,0.8,0.265
0,0,0.5,0,1.0,0,0.1,0,1.0,1.0,0.75,0.224
0,0,0.1,0,1.0,0,0.1,0.2,0.25,0.5,0.9,0.142
0.6,0,0.7,0.667,0.25,0.3,0.9,0.8,1.0,1.0,0.275,0.569
0,0,0,0,0.75,0,0,0,0.25,1.0,0.6,0.106
1.0,0.2,1.0,1.0,0,0.7,0.7,1.0,0.75,0.5,0.05,0.777
0.6,1.0,1.0,0.333,0.5,0.4,1.0,1.0,0,1.0,0.775,0.658
0.2,0,0.1,0,1.0,0,0,0,0,1.0,0.05,0.189
0.2,0,0.7,0.133,0.25,0.1,0.6,0.4,0,0,0.9,0.259
0.6,0.2,1.0,0.6,0.25,0.2,0.8,1.0,1.0,0,0.75,0.584
0.2,0,0.5,0.133,1.0,0.1,0.6,0.4,0.5,0.5,0.575,0.326
0,0,0.5,0,0.75,0,0.7,0.4,0.75,0.5,1.0,0.237
0.4,0.4,0.9,0.133,0.25,0.1,0.9,0.8,0,1.0,0.3,0.443
0.2,0,0.1,0.267,1.0,0.1,0.4,0.4,0.25,1.0,0.2,0.282
0.2,0,0,0,0.75,0.1,0,0,1.0,0.5,0.325,0.193
1.0,0.6,0.8,0.467,0.25,0.4,0.8,0.8,0,0.5,0.45,0.689
0,0,0,0,0,0,0.2,0,0.25,1.0,0.625,0.058
0.2,0,0.5,0,0.75,0,0.2,0,0.75,1.0,0.575,0.264
0.6,0.6,1.0,0.867,0.75,0.2,0.7,0.8,0.75,0.5,0.075,0.667
1.0,0.6,0.7,0.667,0,0.8,1.0,1.0,0.25,0.5,0.525,0.748
0.6,1.0,1.0,0.333,0.5,0.4,0.7,1.0,0.75,0,0.625,0.639
0.8,0.2,0.6,0.2,1.0,0.3,0.6,0.6,0.75,0.5,0.8,0.6
0.2,0.2,1.0,0.467,0.5,0.1,0.4,0.6,0,0.5,0.75,0.379
0.6,0,0.5,0.533,0,0.2,0.8,0.6,1.0,1.0,0.525,0.488
1.0,1.0,0.7,0.867,0.25,0.6,0.8,1.0,0.5,0,0.35,0.785
0.2,0,0.5,0,0.5,0,0.2,0.2,0.25,0,0.5,0.203
0.2,0,0.7,0.133,0,0.1,0.3,0.4,0.5,0,0.825,0.24
0,0,0.5,0,0,0,0,0.2,0.5,1.0,0.725,0.127
0,0,0.1,0,0.5,0,0,0,1.0,1.0,0.775,0.13
0,0,0,0,0.5,0,0.1,0.2,1.0,0,0.05,0.097
0.2,0,0.6,0.2,0.5,0.1,0.3,0.4,1.0,0,0.85,0.295
0,0,0,0,1.0,0,0.3,0,1.0,1.0,0.225,0.17
1.0,1.0,0.6,0.467,0.5,0.5,0.8,1.0,1.0,0.5,0.15,0.773
0,0,0.6,0.333,0.25,0,0.3,0.4,0,0.5,0.725,0.189
0.2,0,0.3,0,0.5,0.1,0,0,0,0.5,0.575,0.172
0,0,0,0,0.75,0,0,0,0.25,0.5,0.15,0.086
0.2,0,0.3,0.267,0.75,0,0.5,0.6,0,1.0,0.675,0.288
0.6,0,0.7,0.6,0.5,0.2,0.4,0.6,0.5,0.5,0.6,0.501
0.8,0.2,1.0,0.667,0.75,0.6,0.7,0.8,0.5,0.5,0.1,0.705
0.8,0.2,1.0,0.733,0.75,0.3,0.9,1.0,1.0,0,0.65,0.718
0,0,0,0,1.0,0,0.2,0,1.0,0.5,0.675,0.154
0.2,0,0,0,0.5,0,0.1,0,0,1.0,0.075,0.143
0.6,0,0.2,0,0,0.2,0.2,0.4,0,1.0,0.375,0.306
0.2,0,0,0,1.0,0,0,0,0.25,0.5,0.05,0.172
0.6,0,0.9,0.2,0.25,0.3,0.5,0.4,0.5,0.5,0.55,0.466
1.0,0,1.0,0.733,0.5,0.6,0.9,0.8,0.25,1.0,0.95,0.768
0,0,0.4,0,0.5,0,0.1,0,0.75,0,0.525,0.129
0,0,0.4,0,0.75,0,0.3,0,1.0,0,0.825,0.174
1.0,1.0,1.0,0.4,0.25,0.9,1.0,1.0,0.25,0,0.625,0.801
0.6,0,1.0,0.467,1.0,0.5,0.8,0.8,0.5,1.0,0,0.632
0.4,0,0.8,0.4,0,0.1,0.5,0.6,0.75,1.0,0.375,0.405
0.4,0.2,0.7,0.667,0.75,0.3,0.7,0.8,0,0.5,0.475,0.494
0.2,0,0,0,0.25,0.1,0.2,0.2,1.0,1.0,0.05,0.188
0,0,0.5,0.2,1.0,0,0,0,0.25,0,1.0,0.182
1.0,0.4,1.0,0.467,0.25,0.5,0.7,1.0,0.75,0.5,0.7,0.742
0,0,0.3,0.067,0,0,0.4,0.2,0.75,0.5,0.925,0.132
0.4,0,0.8,0.467,0.25,0.1,0.6,0.6,1.0,0,0.3,0.417
0.2,0,0.4,0,0.5,0.1,0.4,0.2,0,0.5,0.825,0.22
1.0,0.2,1.0,0.2,0.25,0.4,0.6,0.8,0.25,0,0.125,0.631
0.2,0,0,0,0,0,0,0,0.75,1.0,0.2,0.128
0,0,0.3,0,0.5,0,0.3,0.2,1.0,0,0.9,0.153
0,0,0.6,0,0.25,0,0,0.2,0.75,0.5,0.625,0.153
0,0,0,0,0.75,0,0.1,0,0.5,1.0,0.7,0.123
0.2,0,0,0,1.0,0,0,0,0,0,0.9,0.155
0,0,0,0,0.25,0,0,0,0,0,0.7,0.027
0.2,0,0.1,0,0,0,0.5,0.2,1.0,1.0,0.275,0.191
0.4,0.2,0.8,0.533,0.75,0.2,0.5,0.8,0.25,1.0,0.725,0.498
0,0,0,0,0.25,0,0,0,1.0,0.5,0.6,0.081
0.8,0.6,1.0,1.0,1.0,0.3,1.0,1.0,0,1.0,0.6,0.795
0.2,0,1.0,0.2,1.0,0.1,0.8,0.6,1.0,1.0,1.0,0.455
1.0,1.0,1.0,0.867,0.25,0.6,0.9,1.0,0.75,0,0.025,0.834
1.0,0.2,0.7,0.467,0.5,0.7,1.0,0.8,1.0,0,0.8,0.732
0.4,0,0.6,0.333,0.75,0.3,0.7,0.6,0.5,1.0,0.45,0.454
0.4,0,0.5,0.4,0.25,0.3,0.9,0.6,1.0,1.0,0.75,0.444
0.6,0.4,0.8,0.6,0.75,0.5,0.3,0.6,0.25,0,0.725,0.562
0.2,0,0,0,0.25,0.1,0.2,0,0.75,0,0.15,0.139
0.6,0,0.8,0.2,0,0.4,0.5,0.4,0.5,0.5,0.3,0.44
1.0,0.2,0.8,1.0,0.75,0.4,0.9,1.0,0.75,1.0,0.575,0.818
0,0,0.1,0,1.0,0,0,0,0.75,0,0.575,0.128
0,0,0.5,0.133,0,0,0.2,0.4,1.0,0,0.95,0.156
1.0,0.6,1.0,0.933,0,0.6,1.0,1.0,0.75,0,0.975,0.804
0.2,0,0,0,1.0,0.1,0,0.2,0.75,0.5,0.625,0.216
0.2,0,0.3,0,0.75,0.1,0.3,0,0.5,0.5,0.775,0.232
0.2,0,0.3,0,0,0.1,0.1,0.2,0.25,0,0.775,0.145
0.4,0,0.2,0.4,0.75,0.1,0.7,0.6,0.75,0.5,0.35,0.39
0.4,0,0.2,0.067,0.75,0.1,0.5,0.4,1.0,1.0,0.875,0.361
1.0,0,0.7,0.333,0.25,0.4,0.6,0.8,0.5,0.5,0.025,0.618
0,0,0,0.2,0,0,0,0.2,0.25,1.0,1.0,0.082
0,0,0.2,0,1.0,0,0,0.2,0.25,1.0,0.55,0.16
0,0,0,0,0.25,0,0,0,0.25,0,0.525,0.035
0,0,0,0,0.25,0,0.1,0,0.25,0.5,0.325,0.054
1.0,1.0,0.8,0.467,0.5,0.5,0.7,1.0,0.5,1.0,0.175,0.786
0,0,0,0.2,1.0,0,0,0,1.0,0,0.925,0.151
0.6,0.2,0.2,0.533,0.25,0.4,0.9,0.6,0.5,1.0,1.0,0.497
0.8,0.2,0.8,0.467,0.25,0.3,0.6,0.8,0.25,1.0,0.05,0.591
1.0,0.2,1.0,1.0,0,0.6,1.0,1.0,0.75,1.0,0.1,0.801
0.2,0,0.4,0,0.75,0,0.4,0.4,0,1.0,0.2,0.25
0.6,1.0,1.0,1.0,0.75,0.3,0.8,1.0,0.75,1.0,0.725,0.76
0.2,0,0.7,0.333,1.0,0,0.5,0.6,1.0,0,0.925,0.376
0.4,0,0,0,0.5,0.3,0.3,0.2,1.0,0.5,0.975,0.292
0.6,0.8,0.9,0.4,0,0.5,0.7,0.8,0.75,0,0.725,0.578
1.0,0,1.0,0.667,1.0,0.9,0.9,0.8,0.75,0,0.775,0.816
0.4,0.2,1.0,0.6,0,0.2,0.7,0.8,0.5,0.5,0.125,0.47
0.6,0,0.4,0.267,0,0.5,0.1,0.4,0.5,0,0.525,0.372
1.0,0.6,1.0,1.0,0.75,0.4,0.7,1.0,0.5,0,0.175,0.818
0,0,0.1,0.267,0.75,0,0.2,0.2,1.0,0.5,0,0.178
0.6,0,0.3,0.267,0.5,0.2,0.6,0.4,0.25,0.5,0.875,0.411
0.4,0.4,0.4,0.067,0.25,0.1,0.3,0.6,0,0.5,0.975,0.321
0,0,0.3,0,0,0,0.1,0,0.25,1.0,0.975,0.092
0.6,0.4,0.7,0.533,0.75,0.4,0.9,0.6,1.0,1.0,0.75,0.63
0.6,0.6,1.0,0.267,0,0.2,1.0,1.0,1.0,0,0.85,0.572
0.2,0,0,0,0.5,0,0.1,0,0.25,0.5,0.575,0.143
0.2,0,0.4,0,0.75,0.1,0.2,0,0.25,0.5,0.55,0.226
0,0,0.2,0,0,0,0.3,0.2,0.75,1.0,0.325,0.115
1.0,0.4,1.0,0.267,0.5,0.6,0.9,1.0,0.75,0,0.65,0.746
0,0,0,0,0.75,0,0.4,0.2,0.25,1.0,0.7,0.141
0.8,0.2,0.3,0.533,0.75,0.4,0.5,0.6,1.0,0.5,0.125,0.587
0.8,0.2,0.9,0.4,1.0,0.3,1.0,0.8,0.75,0.5,0.85,0.693
0.6,0,0.8,0.333,1.0,0.2,0.9,0.6,0.5,0,0.05,0.533
0.2,0,0.2,0.333,0,0,0.3,0.4,0.5,1.0,0.225,0.217
0.4,0,0.5,0.467,0.5,0.2,0.9,0.6,0.75,0.5,0.9,0.439
0.6,0,0.4,0.067,0.25,0.4,0.6,0.4,0.5,1.0,0.175,0.417
1.0,1.0,1.0,0.933,0.5,0.4,1.0,1.0,1.0,0,0.8,0.867
0.8,0.4,1.0,0.6,0.25,0.4,0.8,1.0,0.25,1.0,0.1,0.677
0.2,0,0.3,0.2,0,0.1,0.3,0.4,0.75,1.0,0.1,0.232
0.6,0,0.5,0.133,0.25,0.4,0.4,0.4,1.0,1.0,0.175,0.444
0.2,0,0.2,0,0.75,0,0,0,0.75,0,0.45,0.184
0.8,0.4,0.8,0.4,0.5,0.4,0.9,1.0,0.25,1.0,0.275,0.659
0,0,0.4,0,0.75,0,0,0.2,1.0,0,0.8,0.166
0.8,0.4,0.9,0.533,1.0,0.4,1.0,1.0,0,0.5,0.9,0.713
0.4,0.2,0.9,0.667,0.25,0.2,0.9,0.8,0,0,0.3,0.464
0,0,0.4,0,0.25,0,0.3,0,0.5,0,1.0,0.116
0.6,0.2,0.7,0.6,0.75,0.3,1.0,1.0,0.25,1.0,0.05,0.602
0.2,0,0,0,0,0.1,0.1,0.2,1.0,0.5,0.5,0.151
0.4,0,0.4,0.333,0.25,0.2,0.5,0.6,0,0.5,0.2,0.332
0.6,0,0.3,0.067,0.25,0.4,0.2,0.4,0.5,0,0.65,0.356
0.2,0,0.8,0.2,0.5,0,0.4,0.6,0,1.0,0.8,0.316
0.8,0.2,1.0,0.733,0.5,0.3,0.8,0.8,0,0.5,0.35,0.654
0,0,0,0.067,0.25,0,0,0.2,1.0,0.5,0.35,0.096
0.4,0,0.7,0.133,0.75,0.3,0.1,0.4,0.25,0,0,0.354
0.2,0,0.1,0,0.75,0.1,0.5,0.4,0.75,0.5,0.95,0.252
0.8,0.6,0.8,1.0,0.5,0.7,0.8,1.0,0.25,0,0.825,0.737
0.6,0.2,1.0,0.333,0.25,0.2,1.0,0.8,0.75,0,0.225,0.541
0.2,0,0.7,0.333,1.0,0.1,0.7,0.4,0.5,1.0,0.5,0.393
0.2,0,0.4,0.067,0.25,0.1,0,0.2,0.5,1.0,0.6,0.216
0.6,0,0.6,0.267,0.25,0.2,0.8,0.6,0.25,0,0.35,0.429
0.6,1.0,1.0,1.0,0.5,0.5,1.0,1.0,0,1.0,0.325,0.736
0,0,0,0,0,0,0.2,0.2,0.75,0,0.4,0.056
0,0,0,0.2,1.0,0,0.2,0,0,1.0,0.7,0.151
0,0,0.3,0,0.25,0,0.1,0,0.25,0.5,0,0.087
0.6,1.0,1.0,0.867,0.5,0.2,0.8,1.0,0,0.5,0.2,0.666
0.2,0,0.4,0.267,0,0,0.6,0.4,0.75,1.0,0.175,0.261
1.0,0.4,1.0,0.667,0,0.8,0.5,0.8,0.25,1.0,0.8,0.745
0.4,0,0.1,0.133,1.0,0.2,0.4,0.4,0.5,0,0.425,0.325
0.4,0,0.4,0.333,0.5,0.1,0.8,0.6,0.25,1.0,0.825,0.392
0.2,0.2,0.5,0.533,1.0,0,0.8,0.6,0.25,0.5,0.6,0.39
0,0,0.2,0.2,0.75,0,0.6,0.4,0.25,0.5,0.05,0.188
0,0,0.1,0.067,1.0,0,0.3,0,0.5,0.5,0.8,0.16
0.6,0.2,1.0,0.4,0,0.5,1.0,0.8,0,1.0,0.225,0.555
0.8,0.8,1.0,0.2,0.75,0.6,0.7,0.8,1.0,0,0.75,0.714
0.4,0,0.4,0.067,0.25,0.3,0.3,0.4,0.25,0,0.575,0.288
0.2,0,0.7,0,1.0,0,0,0.2,0.25,0,0.975,0.26
0.4,0,0.3,0.133,0.5,0.2,0.1,0.2,0.5,1.0,0.1,0.308
0.8,0,0.7,0.667,0,0.4,0.6,0.8,1.0,1.0,0.275,0.606
0.8,0.2,1.0,1.0,1.0,0.5,1.0,1.0,0,1.0,0.05,0.776
0.4,0,0.8,0.6,0,0.3,0.9,0.6,0.25,1.0,0.675,0.452
0.2,0,0.2,0.133,0.75,0,0.3,0.4,0.75,0,0.3,0.236
0.6,0,0.4,0.267,0.5,0.5,0.4,0.4,0.75,0.5,0.425,0.454
0.8,0,0.3,0.533,0.25,0.6,0.9,0.6,0.75,0.5,0.125,0.563
0,0,0.5,0.267,1.0,0,0.6,0.4,0.75,0.5,0.175,0.272
1.0,0.2,1.0,0.733,0.5,0.9,0.8,0.8,0,1.0,0.55,0.791
0,0,0.5,0.2,0.75,0,0.3,0.4,0.75,1.0,0.85,0.248
0.2,0,0.5,0.267,0.25,0,0.7,0.6,0,0.5,0.55,0.268
0,0,0.5,0,1.0,0,0.1,0,0.5,0.5,0.05,0.181
0.4,0.2,0.4,0.867,0,0.2,0.6,0.8,1.0,0.5,0.5,0.445
0,0,0.1,0.267,0.25,0,0.4,0.2,0,1.0,0.925,0.135
0,0,0,0.133,0.75,0,0.5,0.2,1.0,0,0.775,0.162
0.8,0.2,1.0,0.6,0,0.7,0.9,0.8,0,0,0.575,0.629
0.6,0.2,0.7,1.0,0.25,0.5,1.0,1.0,0.5,0,0.675,0.61
0,0,0,0,1.0,0,0,0,0,0.5,0.425,0.099
0.2,0,0.5,0,1.0,0.1,0,0,0.25,0.5,0.1,0.241
0,0,0,0,0,0,0.1,0,0.75,0,1.0,0.046
0,0,0.5,0,1.0,0,0.3,0.2,0.75,0.5,0.6,0.219
0.6,0,0.2,0.667,0.75,0.2,0.8,0.6,0,1.0,0.35,0.485
0.4,0,0.6,0.2,0.25,0.3,0,0.2,0.5,0,0,0.303
0.2,0,0,0.067,0,0,0.3,0.4,0.25,1.0,0.075,0.152
0.2,0.4,0.5,0.4,0,0.1,0.6,0.6,0.25,0.5,0.3,0.305
0,0,0.4,0,0,0,0,0,0.75,0.5,0.725,0.1
0.6,0.8,1.0,1.0,0.75,0.5,0.6,0.8,0.5,0.5,0.35,0.712
0.2,0,0.7,0.2,0.5,0,0.7,0.4,0,1.0,0.375,0.308
1.0,0.2,0.6,0.333,0,0.5,1.0,1.0,0.25,1.0,0.55,0.655
0.8,1.0,1.0,1.0,0.75,0.3,1.0,1.0,0.25,0.5,0.625,0.802
0.8,0.2,1.0,0.6,0.75,0.3,0.6,0.8,0.5,0.5,0.2,0.666
0,0,0.3,0.067,1.0,0,0,0,0.75,0.5,0.575,0.174
0.8,0.4,0.9,0.8,0.5,0.5,1.0,1.0,0.25,1.0,0.175,0.729
0.8,1.0,0.9,1.0,0,0.5,0.7,1.0,0.25,0,0.2,0.711
0.4,0,0.2,0,0.25,0.1,0.1,0.2,0.75,0,0.825,0.239
1.0,0.8,1.0,0.467,1.0,0.7,1.0,1.0,0.75,0,0.65,0.855
0.4,0.2,0.7,0.2,1.0,0.2,0.7,0.6,0.5,0,0.975,0.454
0.2,0,0.6,0.2,1.0,0.1,0.4,0.6,1.0,0.5,0,0.358
0.2,0,0,0,1.0,0.1,0,0,0.25,0.5,0.875,0.189
0.8,0.4,0.3,0.333,0,0.7,0.9,0.6,0.75,0,0.45,0.55
0.6,0,0.5,0.4,0.25,0.4,0.9,0.6,0,0,0.775,0.45
1.0,0.4,0.8,1.0,0.5,0.9,0.7,1.0,0,0.5,0.15,0.797
0,0,0.3,0.067,0.75,0,0.3,0,1.0,0,0.3,0.164
0.2,0.2,0.3,0.533,1.0,0.1,0.3,0.6,0.75,0.5,0.025,0.359
0.6,0.2,0.7,0.6,0.5,0.5,0.5,0.8,1.0,0.5,0.1,0.575
0,0,0.2,0,0.5,0,0.1,0,0.75,1.0,0.075,0.131
0.8,0.8,1.0,1.0,0.25,0.3,1.0,1.0,0.5,1.0,0.9,0.774
0.4,0.8,1.0,0.533,0,0.3,0.5,0.8,1.0,1.0,0.525,0.547
0.4,0,0.2,0.2,0,0.2,0.7,0.4,0.5,1.0,0.375,0.312
0,0,0.3,0,0.75,0,0.4,0.2,0.25,0.5,0.7,0.162
0.6,0,0.9,0.2,0,0.2,0.6,0.4,0,1.0,0.425,0.436
0,0,0.3,0,1.0,0,0,0,0.25,0,0.9,0.135
0.2,0,0,0,0.25,0.1,0.3,0.2,0.5,1.0,0.3,0.176
0.2,0,0.5,0,0,0,0,0.2,0.25,0,0.325,0.149
1.0,0.4,1.0,0.6,0.75,0.4,1.0,0.8,1.0,0.5,0.625,0.805
1.0,0.6,1.0,0.667,0,0.5,1.0,1.0,0,1.0,0.35,0.76
0,0,0.5,0,0.75,0,0,0,0,1.0,0.05,0.15
1.0,0.6,1.0,0.933,0.25,0.9,0.8,1.0,0.5,0,0.225,0.822
0,0,0,0.2,0.25,0,0.2,0,0.75,1.0,0.45,0.119
0.6,0.6,0.8,0.467,0.5,0.4,0.9,1.0,0.25,0.5,0.475,0.603
0,0,0.8,0.2,0.75,0,0.2,0.4,0.25,1.0,0.5,0.255
1.0,1.0,1.0,0.6,0.5,0.6,0.7,1.0,0.75,0.5,0.75,0.835
0.8,0.4,1.0,0.933,0.75,0.3,1.0,1.0,0.75,0.5,0.2,0.763
0.2,0,0.1,0.133,1.0,0.1,0.5,0.2,1.0,1.0,0.325,0.295
0,0,0,0.2,0.5,0,0,0,1.0,0.5,0.925,0.126
0.4,0,1.0,0.6,0,0.1,0.8,0.8,0.25,0.5,0.925,0.449
0.4,0,0.7,0.467,0,0.1,0.6,0.8,0,1.0,0.025,0.383
0,0,0.4,0,0.5,0,0.4,0.2,0.75,0.5,0.65,0.173
0.2,0,0.5,0,0,0.1,0,0,0,0,0,0.135
0.4,0.2,0.8,0.667,0.25,0.2,0.6,0.8,0.5,0,0.025,0.452
1.0,0.2,0.6,0.4,0.5,0.9,0.7,0.8,0.75,0.5,0.675,0.717
0.8,0.2,0.5,1.0,0.25,0.5,1.0,0.8,0,0.5,0.9,0.639
0.8,0.4,0.3,0.333,1.0,0.7,0.5,0.6,0.5,0.5,0.3,0.61
0.6,0,0.6,0.333,0.25,0.4,0.5,0.6,0,1.0,0.175,0.454
0,0,0,0.067,0.25,0,0.3,0,1.0,1.0,0.425,0.12
0.4,0,0,0,0.25,0.1,0,0.2,0.25,1.0,0.775,0.219
0,0,0.3,0,0,0,0,0,0.75,1.0,0.725,0.103
1.0,1.0,1.0,1.0,1.0,0.4,1.0,1.0,0.75,0.5,0.225,0.913
0.2,0,0.5,0,0.5,0,0.1,0,0.75,0.5,0.6,0.223
0.6,0.6,1.0,0.4,0,0.2,1.0,1.0,0.25,0.5,0,0.563
0.8,0.2,1.0,1.0,0,0.6,0.8,1.0,0.75,0.5,0.3,0.71
0.6,0.4,0.8,0.2,0.5,0.2,1.0,1.0,0,0,0.05,0.516
0.8,0,0.8,0.333,0.75,0.7,0.8,0.6,0.5,0.5,0.85,0.641
0.4,0,1.0,0.333,0.25,0.1,0.9,0.6,1.0,0,0.525,0.447
0.4,0.2,1.0,0.733,0.5,0.3,1.0,0.8,0,0,0.925,0.525
0.8,0,0.4,0.467,0,0.6,0.8,0.8,0.75,0.5,0.6,0.556
0,0,0.5,0.067,0.75,0,0,0,1.0,1.0,0.525,0.203
0.8,1.0,1.0,0.333,0.75,0.7,1.0,1.0,0.25,0,0.5,0.749
0,0,0.9,0.267,0,0,0.4,0.4,1.0,0,0.025,0.222
0.8,0.2,0.6,0.667,0.25,0.6,0.4,0.6,0.25,0.5,0.375,0.582
0.4,0,0.6,0.267,0,0.3,0.4,0.6,0.75,0,0.275,0.347
0,0,0.1,0,0.5,0,0,0,0.75,0,0.975,0.092
0.4,0,0.6,0,0.5,0.3,0.2,0.4,0.75,0,0.175,0.335
0.6,0.2,0.7,0.6,0.25,0.3,0.6,0.8,0,0,0.125,0.488
0.6,0.6,1.0,0.6,0.25,0.5,0.9,1.0,1.0,0,0.625,0.647
0.6,0.6,1.0,0.4,0,0.2,0.8,0.8,0.5,0.5,0.9,0.56
0,0,0,0,0,0,0,0.2,0.75,0.5,0.15,0.057
0.8,0,0.3,0.333,0,0.4,0.7,0.6,0.75,0.5,1.0,0.5
0,0,0,0,1.0,0,0.3,0.2,1.0,0,0.9,0.157
0.8,0.2,1.0,0.6,0,0.4,0.8,0.8,1.0,0.5,0.5,0.65
0.2,0,0,0,0,0.1,0,0,0,1.0,0.4,0.109
0,0,0.3,0,0.75,0,0,0,0.25,1.0,0.275,0.139
0,0,0.4,0,1.0,0,0,0,0.25,0,0.6,0.144
0.6,0,0.2,0.267,0.25,0.3,0.7,0.6,0.5,1.0,0.925,0.43
0,0,0.4,0.2,1.0,0,0.3,0.2,0.5,0.5,0.725,0.22
0.2,0,0.4,0.4,0.5,0,0.7,0.6,0.25,1.0,0.325,0.313
0.2,0,0.4,0,0.25,0.1,0,0,0.5,0.5,0.175,0.18
0.2,0,0.4,0.333,0.25,0,0.3,0.4,0,0,0.75,0.216
0,0,0,0,1.0,0,0.2,0,0,1.0,0.85,0.131
0.6,0.2,0.8,0.267,1.0,0.5,0.7,1.0,0,0.5,0.9,0.58
0.4,0.2,1.0,0.467,0.75,0.3,1.0,0.8,1.0,0.5,0.475,0.566
0.2,0,0.3,0,0.25,0,0,0,0.25,1.0,0.55,0.168
0,0,0,0,0.5,0,0,0,0.75,0.5,0.55,0.091
0.8,1.0,0.6,1.0,0.75,0.3,0.7,1.0,1.0,1.0,0.575,0.781
0.8,0,1.0,0.533,0.75,0.7,0.5,0.8,0,0,0.625,0.642
0.6,0,0,0.067,1.0,0.4,0.3,0.4,0.25,0.5,0.05,0.385
0,0,0.7,0.133,0.25,0,0.4,0.4,0.75,0,0.2,0.195
0,0,0.4,0.067,0,0,0.5,0.2,1.0,1.0,0.4,0.169
0.6,0,0.1,0.2,0.25,0.3,0.1,0.4,0.75,0,0.475,0.34
0.2,0,0.8,0.333,0.75,0,0.5,0.6,1.0,1.0,0.875,0.397
0,0,0,0,0.75,0,0.2,0,0.25,0.5,0.6,0.103
0,0,0,0,0,0,0,0,1.0,1.0,0.875,0.079
0.4,0,0.3,0,0,0.1,0.3,0.2,0.5,1.0,0.125,0.256
0.8,0.8,1.0,0.533,0.75,0.3,0.8,1.0,0,1.0,0.775,0.729
0,0,0.1,0.067,0.75,0,0.2,0,0.25,0.5,0.8,0.124
0.8,0.4,1.0,0.333,0.75,0.7,0.8,0.6,0.25,0.5,0.175,0.68
0.8,0,1.0,0.467,0.5,0.5,1.0,0.8,1.0,0.5,0.4,0.679
0.2,0,0,0,0.5,0,0.1,0,0,0.5,0.8,0.135
0.6,0,0.7,0.267,0.25,0.3,0.7,0.6,0.75,0,0.1,0.461
0,0,0,0,0.25,0,0,0,0,0.5,0.175,0.037
0.6,0,0,0.333,0,0.4,0.5,0.4,0.75,0.5,0.8,0.374
1.0,1.0,0.8,0.6,0.5,0.8,0.7,1.0,0.75,0.5,0.075,0.822
0.2,0,0,0,0.25,0.1,0,0.2,0,1.0,0.8,0.143
0.4,0,0,0,0.5,0.1,0.2,0.2,0,0.5,0.8,0.226
0,0,0,0,0.25,0,0,0,0.25,1.0,0.95,0.069
0.2,0,0.2,0.333,1.0,0,0.5,0.6,0,0,0.825,0.275
0.2,0,0.2,0,0.75,0.1,0,0,0.75,0.5,0.825,0.212
0.6,0,0.4,0.4,0.75,0.2,0.3,0.6,0,0.5,0.7,0.438
0.6,0.4,0.6,0.733,0.75,0.4,0.9,1.0,0.75,1.0,0.05,0.643
0,0,0,0,0.75,0,0,0,0.25,1.0,0.525,0.105
0.4,0,0.7,0.533,0.5,0.2,0.5,0.6,0.25,1.0,0.325,0.436
1.0,0.8,1.0,0.867,0,0.6,0.9,0.8,0.25,1.0,0.225,0.8
0,0,0.5,0,0.25,0,0,0.2,0,1.0,0.1,0.121
0.6,0.4,1.0,0.733,0.5,0.4,0.7,1.0,0.25,0,0.5,0.614
1.0,1.0,1.0,0.8,0.25,0.5,0.9,1.0,0.25,0,0.475,0.802
0,0,0.5,0,1.0,0,0.1,0,0.75,0.5,0.85,0.2
0.2,0,0.7,0.267,1.0,0,0.1,0.4,0.25,1.0,0.6,0.331
0,0,0.4,0,1.0,0,0,0,0,1.0,0.6,0.164
0.2,0,0.2,0,0,0,0,0,1.0,0,0.8,0.138
0,0,0.2,0,0.5,0,0,0,0,0,0.8,0.072
1.0,0.8,1.0,0.533,0.5,0.7,1.0,1.0,0,0.5,0.15,0.802
1.0,1.0,1.0,0.4,0.75,0.4,0.8,1.0,0.75,0,0.2,0.8
1.0,0.6,1.0,1.0,0.75,0.5,0.8,1.0,0.5,0,0.425,0.835
0,0,0.1,0.067,0.25,0,0.5,0.2,0.5,0,0.85,0.108
0,0,0.3,0,0.75,0,0.2,0,1.0,0,0.4,0.152
0.8,0.2,0.8,0.4,0.25,0.4,0.9,1.0,0.75,0,0.5,0.615
0.4,0.8,1.0,0.933,0,0.3,1.0,0.8,1.0,1.0,0.6,0.622
0.6,0,1.0,0.4,0.5,0.5,0.8,0.6,0.75,1.0,0.025,0.585
0.2,0.2,0.8,0.533,0.5,0.1,0.6,0.6,0.5,0,0,0.372
0.6,0,0.7,0.267,0.5,0.4,0.7,0.4,0.75,0,0.525,0.485
0.8,0,0.2,0.6,0.5,0.7,0.6,0.6,0,0.5,0.775,0.546
0.4,0.4,0.4,0.4,0.5,0.2,0.8,0.6,0,0.5,0.475,0.412
0.2,0,0,0,0.75,0,0,0,0,1.0,0.6,0.162
0,0,0,0,0.5,0,0.3,0,1.0,0,0.025,0.098
0,0,0.5,0,0,0,0,0.2,0,0.5,0.65,0.092
1.0,0.8,1.0,0.467,0.75,0.5,1.0,1.0,0,0,0.375,0.784
0.8,0.8,0.8,0.933,0.25,0.4,1.0,1.0,0.25,1.0,0.75,0.74
0.4,0,0.5,0.2,0.25,0.2,0.6,0.6,0.75,1.0,0.55,0.384
0.4,0,0,0.067,0,0.1,0,0.2,0.75,1.0,0.925,0.228
0,0,0.1,0.333,0.25,0,0.6,0.4,0.25,1.0,0.175,0.166
0.6,0,0.5,0.667,0,0.4,0.6,0.6,0,0,0.8,0.441
0,0,0,0,0,0,0,0,0,0,0.625,0.006
0.2,0.4,0.2,0.333,0.25,0,0.8,0.6,0.75,0.5,0.275,0.304
0,0,0.1,0.333,1.0,0,0.4,0.4,1.0,0,0.225,0.215
0.6,0,0.7,0.267,0.75,0.4,0.8,0.6,0.25,0,0.575,0.501
0.2,0.4,0.3,0.467,0.75,0,0.7,0.6,1.0,1.0,0.125,0.389
0.6,0,1.0,0.667,0.25,0.4,1.0,0.8,0.25,0.5,0.525,0.578
0.6,0.4,0.9,1.0,1.0,0.2,0.8,1.0,0.75,0,0.125,0.675
0.6,0.8,1.0,1.0,1.0,0.3,1.0,1.0,0,0,0.625,0.715
0.4,0,0,0.333,1.0,0.2,0.4,0.4,0.75,0,0.775,0.348
0.6,0,1.0,0.333,0.75,0.5,0.8,0.6,0.25,1.0,0.725,0.585
0.4,0,0.3,0,1.0,0.3,0.4,0.2,1.0,0.5,0.375,0.368
0,0,0,0,1.0,0,0.1,0,0.5,0.5,0.025,0.121
0.2,0,0,0,0.25,0,0.2,0,1.0,1.0,0.325,0.171
0.6,0,0.9,0.667,0.5,0.4,0.5,0.8,0.75,0.5,0.5,0.575
0.2,0,0.3,0,0.5,0,0.3,0.4,0.5,0,0.925,0.209
0.2,0,0.7,0.533,0.5,0,0.9,0.6,0.75,0.5,0.35,0.381
0.2,0,0.3,0,1.0,0.1,0.3,0,0.5,0.5,0.85,0.253
0,0,0.5,0,0,0,0.3,0,1.0,0.5,0.975,0.143
0,0,0,0,0.5,0,0,0,0.25,0.5,0.2,0.067
0.6,0,0.8,0.6,0.75,0.4,0.5,0.8,0.25,0,0.875,0.545
0.8,0.6,1.0,0.667,1.0,0.6,0.6,0.8,0,0.5,0.375,0.734
0,0,0.2,0,0,0,0.2,0,0.5,0.5,0.125,0.072
0.2,0,0.4,0,0.5,0.1,0.3,0,0.25,1.0,0.625,0.227
0.8,0.8,1.0,0.667,1.0,0.5,0.8,1.0,0.5,0,0.525,0.77
0,0,0,0,0,0,0,0,0.5,0,0,0.02
0.2,0,0,0.067,0.5,0.1,0.1,0,0.5,0.5,0.625,0.17
0.4,0.4,1.0,0.533,0.75,0.1,0.7,0.8,0,1.0,0.35,0.527
0.2,0,0.1,0.067,1.0,0,0.4,0.2,0,0.5,0.625,0.221
1.0,1.0,1.0,0.4,0.5,0.8,1.0,1.0,0.5,0,0.325,0.819
0.2,0,1.0,0.4,0.5,0,0.9,0.6,0.25,1.0,0.725,0.401
0.8,0.4,1.0,0.333,0.25,0.6,1.0,1.0,0.5,0,0.7,0.664
1.0,0.4,0.9,0.467,0.75,0.8,0.8,1.0,0.5,1.0,0.4,0.805
0.4,0,0.9,0.133,0,0.3,0.6,0.6,0,0,0.05,0.348
0.2,0.2,0.2,0.4,0.5,0,0.6,0.6,0.5,0.5,0.275,0.294
0.6,0.6,1.0,0.133,0.5,0.3,0.7,0.8,0.5,0,0.65,0.556
0.2,0,0.4,0.133,0.25,0,0.3,0.2,0.5,0,0.975,0.206
0.4,0,0,0,1.0,0.1,0.3,0.2,0.25,0.5,0.975,0.284
0.4,0,0,0.067,0.75,0.1,0.2,0.2,0.25,0.5,0.925,0.265
0,0,0.5,0,0.75,0,0,0,0.25,0.5,0.125,0.146
0.8,0.4,1.0,0.533,0.5,0.5,0.5,0.8,0.25,0,0.1,0.641
0.8,0.8,1.0,0.733,1.0,0.6,1.0,1.0,1.0,0.5,0.5,0.833
0.2,0,0.2,0.2,0,0,0.3,0.4,0,0.5,1.0,0.175
0.2,0,0.9,0.133,1.0,0.1,0.2,0.4,1.0,1.0,0.275,0.382
0,0,0.3,0.267,0.75,0,0.3,0.2,1.0,0.5,0.5,0.213
0.8,1.0,0.7,0.4,0.5,0.7,1.0,1.0,0.5,1.0,1.0,0.745
0.6,0,0.6,0.733,0.5,0.4,0.8,0.8,1.0,1.0,0.375,0.588
1.0,0.4,1.0,0.4,0.25,0.8,1.0,1.0,1.0,0,0.875,0.777
0.2,0,0.4,0.067,0.75,0.1,0.2,0.2,0.75,0,0.6,0.248
0.4,0,0.1,0.067,0.5,0.2,0.4,0.2,0.5,0,0.425,0.268
0,0,0,0,0.25,0,0,0,0.75,0.5,0.5,0.07
0.6,0,0.1,0.067,0,0.5,0.6,0.4,0.5,0,0.45,0.343
0.8,0,1.0,0.2,1.0,0.6,0.6,0.6,0.5,1.0,0.8,0.664
0.4,0,0.7,0.467,0.25,0.1,0.3,0.6,0,0.5,0.275,0.362
0,0,0,0,0.75,0,0.3,0,0.25,1.0,0.05,0.118
0.4,0,0.6,0.4,0,0.1,1.0,0.8,0,0.5,0.775,0.38
0.6,0.4,0.8,0.2,0.75,0.4,0.9,1.0,0.5,0.5,0.3,0.586
0.4,0,0.3,0.267,0,0.2,0,0.2,0.5,1.0,0.95,0.285
0.6,0,1.0,0.2,0.25,0.5,0.4,0.6,0.25,0,0.15,0.471
0.6,0,0.4,0.4,0,0.5,0.5,0.6,1.0,0.5,0.45,0.455
1.0,0.8,0.6,0.867,0.5,0.4,0.7,1.0,1.0,0.5,0.1,0.785
0.2,0.2,1.0,0.4,0.75,0,0.5,0.6,1.0,0.5,0.575,0.427
0.2,0,0,0,0,0,0,0,0.5,0.5,0.025,0.101
0.8,0.2,1.0,0.867,0.75,0.3,1.0,0.8,0,1.0,0.55,0.718
0.6,0.6,0.7,0.867,0.25,0.4,0.9,1.0,1.0,1.0,0.35,0.659
0,0,0.1,0,0.25,0,0,0,0,0,0.175,0.034
0.6,0,0.3,0.2,0.25,0.2,0.1,0.4,0.5,0,0.975,0.35
0.2,0,0.1,0,0.75,0,0,0,1.0,1.0,0.3,0.211
0.4,0,1.0,0.8,0,0.2,0.8,0.8,0,0.5,1.0,0.471
0.2,0.4,0.5,0.267,1.0,0.1,0.4,0.6,0.5,0.5,0.775,0.373
0.8,0.6,0.9,0.4,0,0.6,0.5,0.8,0.25,1.0,0.425,0.632
0.4,0.4,1.0,0.333,0.5,0.3,0.8,0.8,0.75,1.0,0.375,0.539
0.4,0,1.0,0.533,0.5,0.3,0.6,0.8,1.0,0,0.025,0.494
0.8,0.6,0.7,0.267,0.25,0.3,0.9,0.8,0.25,0.5,0.45,0.596
0.4,0,0.4,0,0,0.2,0.7,0.4,0.5,1.0,0.475,0.315
0,0,0,0,0,0,0.3,0,0.5,0,0,0.038
0,0,0,0,1.0,0,0.2,0.2,0.5,1.0,0.025,0.152
0.4,0,0.4,0,1.0,0.2,0.4,0.2,0.75,0,0.55,0.348
0,0,0.4,0.267,0.5,0,0.7,0.4,0.75,0.5,0.175,0.226
0.2,0,0.7,0.133,0.25,0,0.4,0.2,0.5,1.0,0.85,0.277
0.4,0.8,0.9,0.8,0,0.1,0.6,0.8,1.0,1.0,0.2,0.549
0.4,0,0.7,0.333,0,0.2,0.2,0.4,0.5,1.0,0.425,0.357
0.4,0,0.7,0.933,0.25,0.1,1.0,0.8,1.0,0.5,0.2,0.505
0,0,0,0,0.75,0,0.5,0.2,0.25,0.5,0.725,0.132
0.8,0.6,0.5,0.867,1.0,0.7,0.8,0.8,0.75,0,0.775,0.736
0,0,0.5,0,0.25,0,0.5,0.4,0,1.0,0.875,0.169
0.2,0,0.3,0.133,0.5,0,0.7,0.4,0.25,1.0,0.3,0.262
0.4,0.4,1.0,0.667,0,0.3,0.8,0.8,0.25,1.0,0.475,0.517
0.2,0,0,0,0.75,0,0,0.2,0.25,1.0,0.125,0.177
0,0,0.1,0.133,0.25,0,0.7,0.4,0.5,0,0.275,0.131
0,0,0.1,0,0.5,0,0.1,0,0.25,0.5,0.95,0.092
0,0,0.2,0,0,0,0.5,0.2,1.0,0,0.425,0.108
0.4,0.4,0.4,0.6,0.75,0.1,0.8,0.8,0.5,0,0.45,0.46
0,0,0.3,0,0.75,0,0.2,0,0.75,0.5,0.225,0.155
0.6,0,0.8,0.333,0.25,0.4,0.1,0.4,0.5,0,0.6,0.439
0.4,0,0,0,0.25,0.1,0.1,0.2,0.25,1.0,0.075,0.218
1.0,0.4,1.0,1.0,0,0.9,1.0,1.0,0.5,0,0.575,0.809
0,0,0.4,0.2,1.0,0,0.1,0.4,0.75,0,1.0,0.216
0.4,0,1.0,0.667,0.25,0.2,0.6,0.8,0.75,0.5,0.15,0.486
0,0,0.4,0.333,0.75,0,0.7,0.4,0.25,0.5,0.95,0.241
0.6,0,0.4,0.2,0,0.4,0.3,0.6,1.0,0.5,0.9,0.416
0.6,0.2,0.8,0.533,0.5,0.3,0.7,0.6,1.0,1.0,0.575,0.583
0,0,0,0,0.25,0,0.1,0,1.0,1.0,0.525,0.101
0.2,0,0.5,0,1.0,0,0,0,0.75,1.0,0.625,0.272
1.0,1.0,0.8,0.533,0,0.7,0.7,1.0,0.75,0.5,0.225,0.767
0.6,0,0.3,0.133,0.5,0.2,0.6,0.6,0.25,0,0.275,0.385
0.2,0,0,0,0,0.1,0.5,0.2,0,0,0.025,0.115
0.6,0,0.7,0,0,0.3,0.1,0.4,0.75,0,0.325,0.368
0.6,0.6,0.4,0.533,0.75,0.2,0.9,0.8,0,0.5,0.4,0.544
0.4,0,0.9,0.333,0.25,0.2,0.3,0.4,0.25,0,0.025,0.363
0.4,0,0,0.267,0,0.1,0.2,0.4,0.25,0,0.3,0.215
0.2,0,0.5,0.333,0,0.1,0.9,0.6,0,0,0.825,0.264
0.2,0,0.8,0.067,0.75,0,0.6,0.4,0.5,0,0.4,0.309
1.0,0.2,1.0,0.467,0,0.8,0.7,1.0,0.75,1.0,0.35,0.745
0.4,0.2,1.0,0.533,0,0.3,1.0,0.8,0.5,0.5,0,0.489
0.8,0,1.0,0.267,0.25,0.4,0.7,0.8,0,0.5,0.275,0.569
0.4,0,0,0,0.25,0.3,0.1,0.2,0.25,0,0.125,0.206
0,0,0,0,0.75,0,0,0,0.5,0.5,0.875,0.104
1.0,0.2,1.0,0.533,0,0.4,0.8,1.0,0.5,1.0,0.675,0.715
0.4,0.2,1.0,0.667,0,0.3,1.0,0.8,0.75,0.5,0.55,0.519
0,0,0,0.067,1.0,0,0.3,0,1.0,0.5,0.1,0.161
0.4,0,0,0.133,0.75,0.1,0,0.2,1.0,0,0,0.266
0,0,0,0.2,0.75,0,0.1,0,0.5,0,0.3,0.111
0.2,0.2,0.9,0.333,0.5,0,0.4,0.6,1.0,0,0.05,0.361
0.6,0,0.8,0.133,0.25,0.4,0.5,0.4,0.75,1.0,0.475,0.479
0.6,0,0.2,0.267,0,0.4,0.5,0.6,0.25,0,0.875,0.366
0,0,0,0,0,0,0,0,0.75,0.5,0.65,0.051
0,0,0.2,0,1.0,0,0.2,0.2,0,0.5,0.85,0.15
0,0,0.5,0,0,0,0.1,0,1.0,1.0,0.175,0.138
0.4,0,0.1,0,0.5,0.3,0.1,0.2,0.75,0,0.75,0.265
0.2,0,0.3,0,0,0,0.2,0.2,0.5,0.5,0.625,0.165
0.8,1.0,1.0,0.4,0.75,0.4,0.8,1.0,0.5,1.0,0.8,0.76
0.4,0,0.4,0.267,0,0.1,1.0,0.8,0.25,0.5,0.8,0.351
0,0,0.7,0,1.0,0,0,0.2,0.25,0,0.5,0.189
0.2,0,0,0,1.0,0.1,0.5,0.2,0,1.0,0.175,0.227
0,0,0.2,0,1.0,0,0,0,0.75,0,0.525,0.139
0.2,0,0.7,0.067,0.25,0.1,0.2,0.2,0.25,0.5,0.2,0.235
1.0,0.6,1.0,1.0,0.5,0.4,0.9,1.0,1.0,0.5,1.0,0.853
0.2,0,0,0.267,0.25,0,0.6,0.4,0.75,1.0,0.1,0.232
0.6,0,0.3,0.2,0.75,0.3,0.6,0.4,0.25,0,0.1,0.41
0.4,0,0.6,0.667,0.75,0.1,0.6,0.8,0.25,0,0.65,0.439
0.2,0,0.6,0.333,1.0,0.1,0.9,0.6,0.75,0,0.325,0.381
0.4,0,0.5,0.133,1.0,0.1,0,0.2,0.25,0.5,0.875,0.339
1.0,0.2,1.0,0.467,0,0.6,0.9,1.0,1.0,1.0,0.95,0.755
0.2,0,0.2,0,0,0.1,0.5,0.2,1.0,1.0,0.15,0.211
0.4,0,0.1,0,0.5,0.2,0,0.2,0.25,1.0,0.5,0.257
1.0,0.4,0.7,0.4,0.75,0.7,0.6,0.8,0.25,0,1.0,0.709
0,0,0.2,0,0,0,0,0,0.75,1.0,0.925,0.093
0.2,0,0.3,0.133,1.0,0,0.5,0.2,0.25,0.5,0.125,0.263
0,0,0.1,0,0.25,0,0.4,0.4,0,1.0,0.45,0.111
0.6,0,0.3,0.2,1.0,0.5,0.9,0.6,1.0,0.5,0.425,0.524
1.0,1.0,0.6,0.467,0.5,0.7,1.0,1.0,0.25,0.5,0.425,0.776
0.2,0,0.5,0,0.5,0.1,0,0,0.75,1.0,0.875,0.244
0.6,0,0.5,0.133,0.25,0.2,0.3,0.4,0.5,1.0,0.8,0.407
0,0,0,0,1.0,0,0,0,1.0,1.0,0.725,0.157
0.2,0.4,1.0,0.6,0.25,0.1,0.5,0.6,0,1.0,0.5,0.408
1.0,0.6,0.7,1.0,1.0,0.5,1.0,1.0,0,1.0,0.05,0.837
0.8,0.6,1.0,0.333,0,0.6,0.9,0.8,1.0,0.5,0.85,0.68
0.8,0.2,1.0,0.733,0.25,0.4,0.8,0.8,1.0,1.0,0.525,0.7
0.2,0.4,0.7,0.067,0.75,0.1,0.9,0.6,0.75,0.5,0.7,0.394
0.8,0.2,0.9,0.267,0,0.3,0.9,0.6,0.25,0,0.275,0.541
0,0,0.1,0,1.0,0,0.1,0.2,0.25,1.0,0.475,0.153
0.4,0.2,0.5,0.133,0.75,0.1,0.7,0.8,0,0,0.175,0.375
0.8,0,0.7,0.667,1.0,0.6,0.9,0.8,0.25,0.5,0.825,0.683
0.4,0,0.6,0.067,0.75,0.2,0.2,0.4,0,1.0,0.825,0.36
0.4,0,0.6,0.2,1.0,0.1,0.2,0.4,0.25,0.5,1.0,0.382
0.8,0,1.0,0.267,0.25,0.5,0.7,0.6,1.0,0,0.35,0.594
0.6,0,0.6,0.067,1.0,0.2,0.1,0.4,0.75,0,0.675,0.438
0.6,0.6,0.9,0.8,0,0.3,0.7,0.8,0.5,0,0.65,0.578
0,0,0,0,1.0,0,0,0,0,1.0,0.675,0.117
0.4,0,0.7,0.133,0.75,0.2,0.1,0.2,0.5,1.0,0.6,0.381
0.8,0.6,0.8,0.733,1.0,0.3,0.6,0.8,0.25,0.5,0.6,0.703
1.0,1.0,1.0,0.8,0,0.4,1.0,1.0,1.0,0.5,0.325,0.822
0.4,0,0.6,0.4,0.75,0.1,0.9,0.6,0,0,0.275,0.404
0.6,0.8,1.0,0.467,0.25,0.2,0.8,0.8,0.75,1.0,0.975,0.629
1.0,0,0.9,0.667,1.0,0.9,1.0,0.8,0.25,0,0.9,0.791
0.6,0.8,0.7,0.267,1.0,0.5,0.6,0.8,0.5,1.0,1.0,0.636
0.2,0,1.0,0.333,0.75,0,0.8,0.6,0.25,0.5,0.375,0.389
0,0,0.6,0.133,0,0,0.4,0.4,0.5,0,0.55,0.156
0,0,0.6,0,1.0,0,0.1,0.2,0.25,0,0.8,0.186
0.4,0.8,0.4,0.867,1.0,0.3,1.0,0.8,0.75,0,0.975,0.586
0,0,0.1,0.067,0.75,0,0.4,0.2,1.0,0,0.525,0.159
0.2,0,0.2,0,0.25,0.1,0.1,0,1.0,0.5,0.25,0.182
0.4,0.6,0.9,0.6,0.25,0.1,0.9,0.8,0.75,1.0,0.375,0.541
0.8,0,0.5,0.667,0.5,0.5,0.8,0.8,0.75,1.0,0.875,0.639
0.8,0.8,0.7,0.933,0.25,0.5,1.0,0.8,0.25,0,0.45,0.694
0.4,0,0.9,0.2,0.75,0.1,0.4,0.4,0.75,0.5,0.85,0.429
0.2,0,0,0,0,0.1,0,0,0.25,0.5,0.775,0.108
0.4,0.4,0.5,0.733,0.75,0.2,1.0,0.8,0.75,1.0,0.3,0.546
0,0,0.2,0,0.75,0,0.1,0.2,0.5,1.0,0.8,0.158
0.4,0,1.0,0.2,0.5,0.1,0.3,0.6,0,0.5,0.225,0.388
0.6,0.4,1.0,0.667,0,0.2,0.8,0.8,1.0,0.5,0.75,0.592
0.6,0.8,0.9,1.0,0,0.5,0.8,1.0,0.5,1.0,0.175,0.675
0,0,0,0,0,0,0.1,0,0.25,0,0.775,0.024
0,0,0.5,0.133,0.25,0,0.5,0.2,0,0,0.225,0.137
0.4,0,0.7,0.267,0.25,0.1,0.1,0.4,1.0,0.5,0.35,0.359
0.6,0,0.2,0.333,0,0.5,0.2,0.4,1.0,0,0.25,0.378
0.8,1.0,0.7,0.467,0.75,0.5,1.0,1.0,0.75,0.5,0.6,0.745
0.6,0,0.3,0.067,0.25,0.3,0.5,0.6,0.5,1.0,0.925,0.408
0,0,0.6,0.133,1.0,0,0.5,0.4,1.0,0.5,0.575,0.277
0.8,0,0.6,0.4,0.25,0.3,0.8,0.6,0.75,0.5,0.05,0.55
0,0,0.8,0,1.0,0,0.1,0.4,0,0,0.875,0.211
0.6,0,0.2,0.333,0.25,0.4,0.5,0.6,0,1.0,0.65,0.411
0.8,0.2,0.4,0.4,0.25,0.7,0.9,0.6,0.25,1.0,0.225,0.581
0.6,0.4,1.0,0.267,0.75,0.4,1.0,1.0,0.25,1.0,0.6,0.631
0.2,0,0,0,0.25,0,0,0,1.0,0,0.075,0.127
1.0,0.2,0.6,1.0,0.5,0.4,1.0,0.8,0,1.0,1.0,0.744
0.6,0.4,0.7,0.6,0.25,0.5,1.0,1.0,1.0,0,0,0.595
0.8,1.0,0.7,0.467,0.25,0.7,1.0,1.0,0.25,1.0,0.3,0.715
0,0,0.4,0,1.0,0,0.1,0,1.0,1.0,0.95,0.214
0.2,0,0.2,0.067,0.75,0,0.1,0.2,0.25,0.5,0.6,0.204
0.2,0,0.7,0,0.5,0.1,0.1,0.4,1.0,0,1.0,0.275
0,0,0.4,0.267,1.0,0,0.7,0.4,0.5,0,0.425,0.244
0.2,0,0,0.067,0.25,0,0,0,1.0,0.5,0.7,0.155
0,0,0,0,0,0,0,0.2,0.25,0.5,0.4,0.039
0.8,0,0.6,0.4,0.75,0.6,0.5,0.6,0.25,1.0,0.15,0.596
0,0,0.5,0.267,0,0,0.3,0.2,1.0,1.0,0.975,0.197
0,0,0.3,0,0.75,0,0,0,0.75,0,0.7,0.133
0.6,0,0.6,0.667,0.75,0.4,0.5,0.8,0.25,0,0,0.519
0.2,0,0.4,0,1.0,0.1,0.2,0,0,0.5,0,0.23
0.2,0,0.5,0.067,1.0,0,0.3,0.4,0,0.5,0.45,0.271
0.6,0.2,0.3,0.467,0.75,0.4,0.6,0.6,0,0,0.225,0.466
0.4,0,1.0,0.4,0.5,0.3,0.8,0.6,0.5,0,0.925,0.47
0.8,0,1.0,0.067,0,0.4,0.5,0.6,0.75,0,0.6,0.523
1.0,0.4,0.7,0.933,0.75,0.9,1.0,1.0,1.0,0.5,0.125,0.856
0.8,1.0,1.0,0.533,0.75,0.4,1.0,1.0,0.5,0,0.575,0.754
0,0,0,0,0.25,0,0,0,1.0,0.5,0.925,0.084
0.2,0,0.5,0,0.25,0.1,0.4,0.2,0.25,0.5,0.425,0.218
0,0,0.3,0,0.75,0,0.2,0,0,0.5,0.275,0.126
0,0,0.3,0.067,0.25,0,0.4,0.4,1.0,0,0.875,0.156
1.0,1.0,1.0,1.0,0.25,0.4,1.0,1.0,0.5,0.5,0.175,0.843
0.4,0,0.8,0.267,0.5,0.2,0.1,0.4,0,0.5,0.35,0.36
0.2,0,0,0,1.0,0.1,0,0,0.75,0,0.525,0.19
0.2,0,0.8,0.467,0.75,0.1,0.3,0.6,0.25,1.0,0.775,0.378
0,0,0.7,0,0.75,0,0.2,0.2,0,1.0,1.0,0.206
0.2,0,0.5,0,0.25,0,0,0,0.75,0.5,0.2,0.193
0.8,0.2,1.0,0.667,0.75,0.7,1.0,1.0,0,0.5,0.4,0.725
0.6,0.4,1.0,0.733,0.25,0.5,0.7,1.0,0.5,0,0.975,0.617
0,0,0,0.333,0,0,0.6,0.4,1.0,0.5,0.625,0.154
0.4,0,0.1,0.267,0.25,0.3,0.6,0.4,0.5,0.5,0.025,0.312
0,0,0,0.267,0.25,0,0.1,0.4,0.75,0,0.65,0.112
0.6,0,0.4,0.333,0,0.2,0.4,0.4,0,0,0.725,0.352
0,0,0,0,0.25,0,0.3,0,0.5,0.5,0.3,0.076
0,0,0.1,0,0.75,0,0.1,0.2,0.75,0.5,1.0,0.143
0,0,0.3,0.333,0,0,0.7,0.4,1.0,1.0,0.3,0.208
0,0,0.1,0.2,0.5,0,0.1,0.4,0.75,0,0.825,0.138
0.6,0.4,0.4,0.867,0,0.2,0.7,0.8,0.5,0.5,0.275,0.511
0.2,0,0.1,0,0.5,0,0.2,0,0.5,0.5,0.45,0.169
0.2,0,0.5,0.133,0,0.1,0.7,0.6,0.75,0.5,0.4,0.271
0,0,0,0,1.0,0,0.3,0,0,1.0,0.95,0.138
0.4,0,0.6,0,0.25,0.1,0.4,0.2,0,0,0.1,0.268
0.4,0,0.3,0.2,0.75,0.1,0.3,0.4,0.75,0.5,0.75,0.35
0,0,0.2,0,1.0,0,0.2,0,1.0,1.0,0.275,0.189
0.4,0,0.4,0,1.0,0.2,0.1,0.4,0.75,0,0.875,0.343
0.8,0.4,0.6,0.267,0.25,0.5,0.6,0.8,0,0,0.45,0.543
0.4,0,0.1,0,0.75,0.1,0,0.2,0.5,1.0,0.125,0.274
1.0,0.4,1.0,0.733,0.5,0.5,0.5,0.8,0,0,0.475,0.722
0.6,0,1.0,0.467,0,0.5,0.3,0.6,0.25,0.5,0.125,0.489
0,0,0,0,0,0,0,0,0.75,1.0,0.675,0.067
0.2,0,0,0,0.75,0.1,0.5,0.2,0.5,1.0,1.0,0.235
1.0,0.4,0.8,0.867,0,0.7,1.0,0.8,0.5,0.5,0.075,0.752
0.8,0.2,0.6,0.333,0,0.3,0.6,0.6,0.25,0.5,0.625,0.513
0.4,0.4,1.0,0.6,0.5,0.2,0.8,0.6,1.0,1.0,0.75,0.564
0,0,0.2,0,0.5,0,0.5,0.4,0,1.0,0.05,0.145
0.2,0,0.1,0,0.25,0.1,0,0.2,1.0,1.0,0.15,0.189
0.4,0,0.2,0.267,0.5,0.2,0.5,0.4,0.75,0.5,0.925,0.348
0.4,0.4,0.5,0.467,0.5,0.1,0.6,0.8,0.75,0.5,1.0,0.455
1.0,0.2,1.0,0.467,0.5,0.4,1.0,1.0,0.75,0.5,0.25,0.751
0,0,0.5,0.067,0.25,0,0,0.2,1.0,0,0.9,0.146
0.6,0.8,1.0,0.667,0.5,0.5,1.0,1.0,0.5,0,0.35,0.674
0.6,0.2,1.0,0.4,1.0,0.2,1.0,0.8,0.75,1.0,0.75,0.644
0.8,0.6,0.4,0.333,0.5,0.7,0.9,0.8,0.5,1.0,0.55,0.649
0.6,1.0,1.0,1.0,0,0.5,1.0,1.0,0,0,0,0.663
1.0,1.0,1.0,0.333,0,0.6,0.7,1.0,0.5,0,0.275,0.735
0,0,0.3,0,1.0,0,0.1,0.2,0,0,0.875,0.141
1.0,0.6,1.0,0.267,0,0.9,0.7,1.0,0.25,1.0,0.625,0.747
0.8,0,0.9,0.467,1.0,0.4,0.7,0.6,0,0.5,0.4,0.63
0.4,0.4,0.4,0.4,0.75,0.3,0.9,0.8,0.25,0.5,0.1,0.463
1.0,0.6,1.0,0.933,0.25,0.5,0.9,1.0,0,0,0.425,0.774
1.0,0.2,1.0,0.867,0.5,0.6,1.0,1.0,0.25,1.0,0.8,0.813
0.6,0,0.1,0.067,0.75,0.4,0.5,0.4,1.0,1.0,0.125,0.435
0.2,0,0.9,0.267,0.75,0.1,0.6,0.4,0.25,1.0,0.65,0.375
0.4,0,0.8,0.2,0.5,0.3,0.5,0.6,0.25,1.0,0.475,0.422
0.2,0,0.5,0.133,0.5,0.1,0.6,0.4,0.75,1.0,0.85,0.314
0.4,0.6,0.5,0.4,0.5,0.3,1.0,0.8,0.25,0,0.725,0.468
0.4,0,0.9,0.533,0.25,0.3,0.3,0.6,0.75,1.0,0.775,0.461
0.2,0,0,0,0.5,0.1,0,0,0.5,0,0.55,0.141
0.4,0,0.5,0,0.5,0.2,0.2,0.4,0.25,0.5,0.825,0.315
0,0,0.5,0,0.25,0,0,0.2,0,0.5,0.475,0.11
0,0,0.9,0,0,0,0.2,0.4,0.5,1.0,0.85,0.199
0.4,0,0.4,0.067,1.0,0.1,0.6,0.4,1.0,0.5,0.425,0.392
0,0,0.5,0.067,0.5,0,0.4,0.4,1.0,1.0,0.625,0.228
0.8,0.2,1.0,0.667,0.5,0.5,1.0,1.0,1.0,0.5,0.45,0.728
0,0,0.7,0.2,0.5,0,0.1,0.2,0.5,0,0.7,0.189
